date	N	Filtros_limpos	Filtros_sujos	Massa_total	Volume_total_padrao	Vazao_media_corrigida_padrao	Vazao_media_real	Tm_C	Tm_K	Pm_hPa	Pm_mmHg	dHi_cmH2O	dHf_cmH2O	DH_cmH2O	DH_mmHg	Pa_hPa	Pa_mmHg	Po_mmHg	ti	tf	tmedio	tmedio	Po_media_mmHg	concentracao
2/17/2014	1	3.5696	3.5936	0.024	1565.84	1.09	1.19	22.03	295.03	918.06	688.6	0	0	0	0	917.65	688.29	688.29			24	1440	666.16	15.31
2/18/2014	2	3.5412	3.5672	0.026	1563.77	1.09	1.19	22.82	295.82	918.01	688.57	17.8	17.9	17.85	13.13	917.8	688.41	675.28			24	1440		16.63
2/19/2014	3	3.5635	3.5921	0.0286	1541.91	1.09	1.19	22.69	295.69	918.11	688.64	17.7	17.9	17.8	13.09	918.65	689.04	675.96	106.76	130.42	23.66	1419.6		18.55
2/20/2014	4	3.5211	3.5544	0.0333	1537.78	1.08	1.19	24.34	297.34	917.7	688.33	17.9	17.9	17.9	13.16	917.85	688.44	675.28	130.42	154.08	23.66	1419.6		21.63
2/21/2014	5	3.5505	3.5519	0.0014	1535.85	1.08	1.19	25.29	298.29	918.04	688.58	18.2	18.4	18.3	13.46	917.55	688.22	674.76	154.08	177.75	23.67	1420.2		0.91
2/22/2014	6	3.5637	3.5816	0.0179	1542.6	1.09	1.19	22.51	295.51	919.29	689.52	18,2	18,3	18.25	13.42	918.05	688.59	675.17	177.75	201.42	23.67	1420.2		11.63
2/23/2014	7	3.5575	3.6046	0.0471	1541.53	1.09	1.19	22.72	295.72	918.96	689.27	18,5	18,6	18.55	13.64	918.2	688.71	675.07	201.42	225.08	23.66	1419.6		30.58
2/24/2014	8	3.5437	3.5669	0.0232	1548.05	1.09	1.18	20.5	293.5	918.8	689.16	18,3	18,2	18.25	13.42	918.75	689.12	675.7	225.08	248.75	23.67	1420.2		14.99
2/25/2014	9	3.5432	3.5734	0.0302	1540.52	1.08	1.19	23.27	296.27	919.55	689.72	18,2	18,2	18.2	13.38	918.7	689.08	675.7	248.75	272.42	23.67	1420.2		19.6
2/26/2014	10	3.5383	3.5851	0.0468	1538.52	1.08	1.19	24.2	297.2	918.42	688.87	17,8	17,9	17.85	13.13	917.85	688.44	675.32	272.42	296.09	23.67	1420.2		30.42
2/27/2014	11	3.5481	3.5904	0.0423	1536.86	1.08	1.2	24.88	297.88	916.38	687.34	18,3	18,3	18.3	13.46	916.1	687.13	673.68	296.09	319.75	23.66	1419.6		27.52
2/28/2014	12	3.5933	3.6231	0.0298	1542.18	1.09	1.19	23.14	296.14	915.98	687.04	18,5	18,3	18.4	13.53	915	686.31	672.78	319.75	343.42	23.67	1420.2		19.32
3/1/2014	13	3.2912	3.3067	0.0155	1546.14	1.09	1.19	21.54	294.54	916.54	687.46	16,9	16,8	16.85	12.39	916.6	687.51	675.12	343.42	367.09	23.67	1420.2		10.05
3/2/2014	14	3.6707	3.6922	0.0215	1543.19	1.09	1.19	22.6	295.6	917.06	687.85	18,8	18,8	18.8	13.82	916.85	687.69	673.87	367.09	390.76	23.67	1420.2		13.91
3/3/2014	15	3.574	3.5996	0.0256	1330.59	1.08	1.19	23.71	296.71	917.56	688.23	18,4	18,3	18.35	13.49	917.5	688.18	674.69	390.76	411.21	20.45	1227		19.26
3/4/2014	16	3.7587	3.78	0.0213	1540.62	1.08	1.19	23.37	296.37	918.58	688.99	19,2	19,2	19.2	14.12	918.2	688.71	674.59	411.21	434.88	23.67	1420.2		13.85
3/5/2014	17	3.6293	3.6542	0.0249	1545.83	1.09	1.18	21.24	294.24	919.5	689.68	18,8	18,7	18.75	13.79	918.6	689.01	675.22	434.88	458.55	23.67	1420.2		16.09
3/6/2014	18	3.5765	3.593	0.0165	732.59	1.09	1.19	23.16	296.16	918.06	688.6	18,3	18,2	18.25	13.42	917.9	688.48	675.06	458.55	469.8	11.25	675		22.48
4/16/2014	19	3.4741	3.5019	0.0278	1537.65	1.09	1.18	20.1	293.1	919.7	689.83	17.6	17.5	17.55	12.9	918.9	689.23	676.33	469.8	493.3	23.5	1410		18.06
4/17/2014	20	3.4825	3.5225	0.04	1534.14	1.09	1.19	21.5	294.5	919.3	689.53	17.9	17.7	17.8	13.09	919.2	689.46	676.37	493.3	516.8	23.5	1410		26.09
4/18/2014	21	3.4539	3.4813	0.0274	1558.2	1.09	1.19	22.4	295.4	918.4	688.86	17.8	17.4	17.6	12.94	918.45	688.89	675.95	516.8	540.7	23.9	1434		17.57
4/19/2014	22	3.4555	3.4877	0.0322	1514.57	1.08	1.19	23.5	296.5	919.5	689.68	17.4	17.3	17.35	12.76	918.3	688.78	676.02	540.7	563.98	23.28	1396.8		21.26
4/20/2014	23	3.4769	3.511	0.0341	1532.44	1.09	1.19	22.6	295.6	919.7	689.83	17.9	17.6	17.75	13.05	919	689.31	676.26	563.98	587.5	23.52	1411.2		22.25
4/21/2014	24	3.4577	3.4866	0.0289	1530.12	1.09	1.19	22.5	295.5	919.6	689.76	17.6	17.2	17.4	12.79	919.65	689.79	677	587.5	610.98	23.48	1408.8		18.91
4/22/2014	25	3.48	3.5054	0.0254	1540.23	1.09	1.18	19.2	292.2	919.1	689.38	17.8	17.5	17.65	12.98	918.25	688.74	675.77	610.98	634.48	23.5	1410		16.49
4/23/2014	26	3.4744	3.527	0.0526	1537.95	1.09	1.18	19.9	292.9	920.3	690.28	18	17.5	17.75	13.05	919	689.31	676.26	634.48	657.98	23.5	1410		34.19
4/24/2014	27	3.4567	3.4851	0.0284	1539.34	1.09	1.18	19.4	292.4	920.1	690.13	17.8	17.4	17.6	12.94	919.75	689.87	676.93	657.98	681.48	23.5	1410		18.45
4/25/2014	28	3.4864	3.5251	0.0387	1541.25	1.09	1.18	18.8	291.8	919.2	689.46	17.8	17.5	17.65	12.98	918.75	689.12	676.14	681.48	704.98	23.5	1410		25.11
4/26/2014	29	3.4926	3.5344	0.0418	1543.73	1.09	1.18	17.7	290.7	920.4	690.36	17.1	16.5	16.8	12.35	919.2	689.46	677.1	704.98	728.48	23.5	1410		27.08
4/27/2014	30	3.4785	3.5279	0.0494	1544.89	1.1	1.17	17	290	922.3	691.78	17.7	17.3	17.5	12.87	920.8	690.66	677.79	728.48	751.98	23.5	1410		31.98
4/28/2014	31	3.4966	3.56	0.0634	1542.89	1.09	1.17	17.6	290.6	923.4	692.61	17.8	17.3	17.55	12.9	922.95	692.27	679.36	751.98	775.48	23.5	1410		41.09
4/29/2014	32	3.5301	3.5881	0.058	1543.06	1.09	1.17	17.7	290.7	922.2	691.71	18	17.6	17.8	13.09	922.3	691.78	678.69	775.48	798.98	23.5	1410		37.59
4/30/2014	33	3.5298	3.6144	0.0846	1541.97	1.09	1.18	18.6	291.6	918.7	689.08	18	17.6	17.8	13.09	919.7	689.83	676.74	798.98	822.48	23.5	1410		54.87
5/1/2014	34	3.5024	3.5671	0.0647	1541.36	1.09	1.18	18.8	291.8	918.9	689.23	17.9	17.4	17.65	12.98	917.65	688.29	675.32	822.48	845.98	23.5	1410		41.98
5/2/2014	35	3.4733	3.5506	0.0773	1538.16	1.09	1.18	19.6	292.6	921.9	691.48	17.9	17.4	17.65	12.98	919.55	689.72	676.74	845.98	869.48	23.5	1410		50.25
5/3/2014	36	3.488	3.5493	0.0613	1546.05	1.09	1.18	19.9	292.9	923.2	692.46	18.2	17.5	17.85	13.13	922.2	691.71	678.58	869.48	893.12	23.64	1418.4		39.65
5/5/2014	37	3.4825	3.5514	0.0689	1538.35	1.09	1.18	19.5	292.5	922.08	691.62	18.4	18	18.2	13.38	920.65	690.54	677.16	893.12	916.62	23.5	1410		44.79
5/6/2014	38	3.4562	3.507	0.0508	1537.66	1.09	1.18	19.9	292.9	921.1	690.88	17.3	17	17.15	12.61	920.6	690.51	677.9	916.62	940.12	23.5	1410		33.04
5/7/2014	39	3.497	3.5569	0.0599	1535.23	1.09	1.18	20.8	293.8	921.3	691.03	17.8	17.5	17.65	12.98	921.3	691.03	678.05	940.12	963.62	23.5	1410		39.02
5/8/2014	40	3.4834	3.5512	0.0678	1537.45	1.09	1.18	19.8	292.8	922.4	691.86	17.8	17.3	17.55	12.9	921.65	691.29	678.39	963.62	987.12	23.5	1410		44.1
5/9/2014	41	3.473	3.532	0.059	1536.72	1.09	1.18	20.4	293.4	920.1	690.13	18	17.4	17.7	13.01	917.85	688.44	675.43	987.12	1010.62	23.5	1410		38.39
5/10/2014	42	3.4611	3.5017	0.0406	1530.13	1.09	1.18	20	293	917.7	688.33	17.8	17.1	17.45	12.83	917.95	688.52	675.69	1010.62	1033.99	23.37	1402.2		26.53
5/11/2014	43	3.4725	3.5065	0.034	1545.55	1.1	1.17	17	290	920.5	690.43	17.8	17.1	17.45	12.83	921.5	691.18	678.35	1033.99	1057.49	23.5	1410		22
5/12/2014	44	3.472	3.5225	0.0505	1542.19	1.09	1.17	18	291	922.4	691.86	17.8	17.1	17.45	12.83	921.15	690.92	678.09	1057.49	1080.99	23.5	1410		32.75
5/13/2014	45	3.5132	3.5728	0.0595	1542.26	1.09	1.17	18.1	291.1	921.5	691.18	18.1	17.4	17.75	13.05	921.15	690.92	677.87	1080.99	1104.49	23.5	1410		38.61
5/14/2014	46	3.4812	3.5661	0.0849	1541.61	1.09	1.18	18.4	291.4	921.1	690.88	18.2	17.5	17.85	13.13	920.65	690.54	677.42	1104.49	1127.99	23.5	1410		55.05
5/15/2014	47	3.4817	3.5585	0.0768	1539.43	1.09	1.18	19.2	292.2	921.3	691.03	15.4	14.7	15.05	11.07	921	690.81	679.74	1127.99	1151.49	23.5	1410		49.87
5/16/2014	48	3.4729	3.5629	0.0901	1541.65	1.09	1.18	18.4	291.4	921	690.81	16.3	15.6	15.95	11.73	919.15	689.42	677.69	1151.49	1174.99	23.5	1410		58.41
5/17/2014	49	3.468	3.5407	0.0727	1518.57	1.09	1.18	20.7	293.7	919.3	689.53	18	17.3	17.65	12.98	919.25	689.49	676.52	1174.99	1198.22	23.23	1393.8		47.87
5/18/2014	50	3.4601	3.5223	0.0622	1537.76	1.09	1.18	20	293	920.1	690.13	17.5	16.9	17.2	12.65	919.7	689.83	677.18	1198.22	1221.72	23.5	1410		40.45
5/19/2014	51	3.4895	3.5646	0.0751	867.64	0.62	2.09	19.3	292.3	920.3	690.28	17.6	16.8	17.2	12.65	920.5	690.43	677.78	1221.72	1245.22	23.5	1410		86.56
5/20/2014	52	3.5126	3.5816	0.069	867.23	0.62	2.09	19.9	292.9	920.9	690.73	17.8	17.3	17.55	12.9	920.3	690.28	677.38	1245.22	1268.72	23.5	1410		79.56
5/21/2014	53	3.509	3.585	0.076	868.68	0.62	2.09	19.4	292.4	920.4	690.36	17.9	17.4	17.65	12.98	919.3	689.53	676.55	1268.72	1292.25	23.53	1411.8		87.49
5/22/2014	54	3.4865	3.5375	0.051	868.23	0.62	2.1	21.1	294.1	917.8	688.41	18.1	15.5	16.8	12.35	917.4	688.11	675.75	1292.25	1315.72	23.47	1408.2		58.74
5/23/2014	55	3.5092	3.5324	0.0232	868.79	0.62	2.1	20.8	293.8	918.6	689.01	18.3	17.7	18	13.24	920.35	690.32	677.08	1315.72	1339.22	23.5	1410		26.7
5/24/2014	56	3.4922	3.515	0.0228	867.3	0.62	2.09	18.8	291.8	920.8	690.66	18.2	17.5	17.85	13.13	920.3	690.28	677.16	1339.22	1362.72	23.5	1410		26.29
5/25/2014	57	3.4888	3.5122	0.0234	867.23	0.62	2.09	18	291	920.9	690.73	18.1	16.6	17.35	12.76	919.85	689.94	677.19	1362.72	1386.22	23.5	1410		26.98
5/26/2014	58	3.46	3.4871	0.0271	891.55	0.62	2.09	18.8	291.8	919.9	689.98	17.5	16.9	17.2	12.65	919.35	689.57	676.92	1386.22	1410.36	24.14	1448.4		30.4
5/28/2014	60	3.4904	3.5234	0.033	869.23	0.61	2.09	14	287	922.3	691.78	34.3	35.4	34.85	25.63	921.45	691.14	665.52	1410.36	1433.94	23.58	1414.8		37.96
5/29/2014	61	3.4716	3.511	0.0394	867.06	0.61	2.09	15.2	288.2	921.7	691.33	33.8	35.3	34.55	25.4	920.5	690.43	665.03	1433.94	1457.45	23.51	1410.6		45.44
5/30/2014	62	3.482	3.5257	0.0437	866.82	0.61	2.09	15.8	288.8	921.5	691.18	34	35.9	34.95	25.7	921.85	691.44	665.75	1457.45	1480.95	23.5	1410		50.41
5/31/2014	63	3.4729	3.5356	0.0627	866.35	0.61	2.09	16.6	289.6	922.2	691.71	34.1	35.9	35	25.74	921.35	691.07	665.33	1480.95	1504.45	23.5	1410		72.37
6/1/2014	64	3.4722	3.5082	0.036	867.98	0.62	2.09	18.1	291.1	919.8	689.91	34.3	35.5	34.9	25.66	917.95	688.52	662.86	1504.45	1527.95	23.5	1410		41.48
6/2/2014	65	3.4706	3.5072	0.0366	869.13	0.62	2.1	16.6	289.6	918.1	688.63	34.4	35.4	34.9	25.66	916.75	687.62	661.96	1527.95	1551.45	23.5	1410		42.11
6/3/2014	66	3.4806	3.526	0.0454	869.47	0.62	2.1	16	289	917.6	688.26	33.9	35.4	34.65	25.48	918.4	688.86	663.38	1551.45	1574.95	23.5	1410		52.22
6/4/2014	67	3.4762	3.5192	0.043	868.66	0.62	2.09	14.5	287.5	918.8	689.16	33.4	38.4	35.9	26.4	918.55	688.97	662.57	1574.95	1598.45	23.5	1410		49.5
6/5/2014	68	3.4666	3.5238	0.0572	868.72	0.62	2.09	16.5	289.5	918.7	689.08	33.3	37.5	35.4	26.03	917.55	688.22	662.19	1598.45	1621.95	23.5	1410		65.84
6/6/2014	69	3.4813	3.5538	0.0725	869.68	0.62	2.1	21.7	294.7	917.3	688.03	34.6	38.6	36.6	26.91	916.7	687.58	660.67	1621.95	1645.45	23.5	1410		83.36
6/7/2014	70	3.4819	3.5543	0.0724	870.08	0.62	2.1	21.6	294.6	916.7	687.58	34.4	37.2	35.8	26.32	915.9	686.98	660.66	1645.45	1668.95	23.5	1410		83.21
6/8/2014	71	3.4905	3.555	0.0645	869.81	0.62	2.1	22.1	295.1	917.1	687.88	34.6	36.6	35.6	26.18	916.85	687.69	661.52	1668.95	1692.45	23.5	1410		74.15
6/9/2014	72	3.4959	3.5677	0.0718	868.72	0.62	2.09	21.7	294.7	918.7	689.08	33.3	36.3	34.8	25.59	920.45	690.39	664.81	1692.45	1715.95	23.5	1410		82.65
6/10/2014	73	3.4745	3.515	0.0405	865.61	0.61	2.09	21	294	923.3	692.53	34.4	35.5	34.95	25.7	924.8	693.66	667.96	1715.95	1739.45	23.5	1410		46.79
6/11/2014	74	3.4904	3.529	0.0386	864.13	0.61	2.08	18.6	291.6	925.5	694.18	34.6	36.1	35.35	25.99	925.15	693.92	667.93	1739.45	1762.95	23.5	1410		44.67
6/12/2014	75	3.4837	3.5114	0.0277	864.73	0.61	2.09	18.9	291.9	924.6	693.51	27.6	34.2	30.9	22.72	923.35	692.57	669.85	1762.95	1786.45	23.5	1410		32.03
6/13/2014	76	3.4889	3.5283	0.0394	864.8	0.61	2.09	19.6	292.6	924.5	693.43	33.4	35.7	34.55	25.4	924.65	693.54	668.14	1786.45	1809.95	23.5	1410		45.56
6/14/2014	77	3.5043	3.5413	0.037	864.66	0.61	2.09	19.7	292.7	924.7	693.58	34.5	35.7	35.1	25.81	924.5	693.43	667.62	1809.95	1833.45	23.5	1410		42.79
6/15/2014	78	3.5005	3.5534	0.0529	864.8	0.61	2.09	20.1	293.1	924.5	693.43	34.6	35.6	35.1	25.81	923.8	692.91	667.1	1833.45	1856.95	23.5	1410		61.17
6/16/2014	79	3.4846	3.5345	0.0499	864.87	0.61	2.09	20.1	293.1	924.4	693.36	34.2	36	35.1	25.81	923.95	693.02	667.21	1856.95	1880.45	23.5	1410		57.7
6/17/2014	80	3.4793	3.5353	0.056	864.6	0.61	2.08	19.9	292.9	924.8	693.66	34.4	35.9	35.15	25.85	924.3	693.28	667.44	1880.45	1903.95	23.5	1410		64.77
6/18/2014	81	3.4681	3.5292	0.0611	865	0.61	2.09	20	293	924.2	693.21	34.6	35.9	35.25	25.92	923.95	693.02	667.1	1903.95	1927.45	23.5	1410		70.64
6/19/2014	82	3.4563	3.4928	0.0365	864.73	0.61	2.09	18.9	291.9	924.6	693.51	34.1	34.6	34.35	25.26	924.75	693.62	668.36	1927.45	1950.95	23.5	1410		42.21
6/20/2014	83	3.4674	3.5263	0.0589	864.19	0.61	2.08	15.8	288.8	925.4	694.11	33.7	35.2	34.45	25.33	924.4	693.36	668.03	1950.95	1974.45	23.5	1410		68.16
6/21/2014	84	3.5051	3.5557	0.0506	866.68	0.61	2.09	15.9	288.9	923.9	692.98	34.3	35.7	35	25.74	923.45	692.64	666.91	1974.45	1997.99	23.54	1412.4		58.38
6/22/2014	85	3.4994	3.5591	0.0597	865.2	0.61	2.09	15.7	288.7	923.9	692.98	34.4	36.9	35.65	26.21	923.6	692.76	666.54	1997.99	2021.49	23.5	1410		69
6/24/2014	87	3.4973	3.5426	0.0453	865.1	0.61	2.09	17.7	290.7	924.6	693.51	33.3	34.2	33.75	24.82	924.5	693.43	668.62	2021.49	2045	23.51	1410.6		52.36
6/25/2014	88	3.4559	3.5219	0.066	868.47	0.62	2.09	18.6	291.6	920.7	690.58	32.3	35.4	33.85	24.89	919.7	689.83	664.94	2045	2068.53	23.53	1411.8		76
6/26/2014	89	3.4744	3.547	0.0726	869.48	0.62	2.09	19.1	292.1	920.3	690.28	27.9	32.7	30.3	22.28	920.4	690.36	668.08	2068.53	2092.08	23.55	1413		83.5
6/27/2014	90	3.4954	3.5802	0.0848	860.42	0.61	2.09	19.8	292.8	921.7	691.33	33.1	36.5	34.8	25.59	922.4	691.86	666.27	2092.08	2115.41	23.33	1399.8		98.56
6/28/2014	91	3.4721	3.5444	0.0723	863.77	0.61	2.09	19.6	292.6	922.2	691.71	33.1	34.4	33.75	24.82	921.6	691.26	666.44	2115.41	2138.84	23.43	1405.8		83.7
6/29/2014	92	3.4791	3.5078	0.0287	856.46	0.61	2.09	15.7	288.7	922.1	691.63	32.9	33.4	33.15	24.38	921.6	691.26	666.88	2138.84	2162.07	23.23	1393.8		33.51
6/30/2014	93	3.4817	3.5155	0.0338	864.38	0.61	2.09	13.9	286.9	921.3	691.03	25.3	31.1	28.2	20.74	921.6	691.26	670.52	2162.07	2185.5	23.43	1405.8		39.1
7/1/2014	94	3.4957	3.5519	0.0562	868.87	0.61	2.09	16.3	289.3	921.2	690.96	31.6	36.1	33.85	24.89	920.5	690.43	665.54	2185.5	2209.05	23.55	1413		64.68
7/2/2014	95	3.4763	3.5355	0.0592	870.11	0.61	2.09	20	293	922.1	691.63	28.9	33.9	31.4	23.09	923.2	692.46	669.37	2209.05	2232.65	23.6	1416		68.04
7/3/2014	96	3.4712	3.5351	0.0639	867.85	0.61	2.09	21.2	294.2	923.8	692.91	32.2	36.1	34.15	25.11	923.2	692.46	667.35	2232.65	2256.22	23.57	1414.2		73.63
7/4/2014	97	3.4759	3.5311	0.0552	866.41	0.61	2.09	21	294	924.3	693.28	33.4	35.3	34.35	25.26	923.75	692.87	667.61	2256.22	2279.76	23.54	1412.4		63.71
7/5/2014	98	3.4568	3.5767	0.1199	861.05	0.61	2.09	20.6	293.6	923.5	692.68	32	34.1	33.05	24.3	923.4	692.61	668.31	2279.76	2303.14	23.38	1402.8		139.25
7/6/2014	99	3.4714	3.5215	0.0501	853.66	0.61	2.09	19.3	292.3	924.1	693.13	32.8	35.3	34.05	25.04	924.2	693.21	668.17	2303.14	2326.33	23.19	1391.4		58.69
7/7/2014	100	3.4782	3.5601	0.0819	862.86	0.61	2.08	19.7	292.7	925.2	693.96	32.1	35.3	33.7	24.78	925.9	694.48	669.7	2326.33	2349.79	23.46	1407.6		94.92
7/8/2014	101	3.5113	3.5488	0.0375	863.05	0.61	2.08	17.1	290.1	926	694.56	33.6	34.4	34	25	924.05	693.09	668.09	2349.79	2373.27	23.48	1408.8		43.45
7/9/2014	102	3.5026	3.5269	0.0243	869.76	0.61	2.09	17.02	290.02	923.7	692.83	33.3	34.1	33.7	24.78	922.9	692.23	667.45	2373.27	2396.89	23.62	1417.2		27.94
7/10/2014	103	3.4922	3.5112	0.019	866.85	0.61	2.09	16.4	289.4	923.1	692.38	33.2	33.8	33.5	24.63	922.6	692.01	667.37	2396.89	2420.42	23.53	1411.8		21.92
7/11/2014	104	3.5132	3.5389	0.0257	866.31	0.61	2.09	15.8	288.8	923.9	692.98	33	34	33.5	24.63	924.35	693.32	668.69	2420.42	2443.95	23.53	1411.8		29.67
7/12/2014	105	3.4988	3.5275	0.0287	864.06	0.61	2.08	16.5	289.5	925.6	694.26	32.9	34.1	33.5	24.63	926.05	694.59	669.96	2443.95	2467.45	23.5	1410		33.22
7/13/2014	106	3.4937	3.5057	0.012	755.43	0.61	2.08	17.1	290.1	926.5	694.93	33.2	34.7	33.95	24.96	925.6	694.26	669.29	2467.45	2488.01	20.56	1233.6		15.89
7/15/2014	108	3.5991	3.6386	0.0395	859.67	0.61	2.08	17	290	925.02	693.82	35.5	35.9	35.7	26.25	924.55	693.47	667.22	2488.3	2511.67	23.37	1402.2		45.95
7/16/2014	109	3.5735	3.6156	0.0421	866.2	0.61	2.09	18.8	291.8	924.6	693.51	34.2	36	35.1	25.81	924.5	693.43	667.62	2511.67	2535.21	23.54	1412.4		48.6
7/17/2014	110	3.5729	3.6298	0.0569	869.55	0.61	2.09	19.9	292.9	924	693.06	34.4	37	35.7	26.25	921.6	691.26	665.01	2535.21	2558.83	23.62	1417.2		65.44
7/18/2014	111	3.5829	3.6193	0.0364	867.25	0.61	2.09	17.8	290.8	923.6	692.76	34.6	35.2	34.9	25.66	923.6	692.76	667.1	2558.83	2582.38	23.55	1413		41.97
7/19/2014	112	3.5895	3.6402	0.0507	859.65	0.61	2.09	15.3	288.3	924.5	693.43	34.1	34.8	34.45	25.33	923.9	692.98	667.65	2582.38	2605.74	23.36	1401.6		58.98
7/20/2014	113	3.5725	3.6297	0.0572	863.23	0.61	2.09	16	289	924.1	693.13	33.4	34.7	34.05	25.04	923.6	692.76	667.72	2605.74	2629.19	23.45	1407		66.26
7/21/2014	114	3.5847	3.6511	0.0664	866.38	0.61	2.09	17.6	290.6	923.8	692.91	26.9	36.5	31.7	23.31	923.45	692.64	669.34	2629.19	2652.72	23.53	1411.8		76.64
7/22/2014	115	3.5637	3.6151	0.0514	866.14	0.61	2.09	20.1	293.1	923.6	692.76	33.8	35.7	34.75	25.55	922.6	692.01	666.46	2652.72	2676.24	23.52	1411.2		59.34
7/23/2014	116	3.5533	3.6073	0.054	868.2	0.61	2.09	20.2	293.2	921.1	690.88	34	36	35	25.74	918.8	689.16	663.42	2676.24	2699.77	23.53	1411.8		62.2
7/24/2014	117	3.5667	3.6017	0.035	873.08	0.62	2.09	16.6	289.6	919.9	689.98	34	34.5	34.25	25.18	920.2	690.21	665.02	2699.77	2723.41	23.64	1418.4		40.09
7/25/2014	118	3.5293	3.557	0.0277	866.82	0.61	2.09	11.8	284.8	922.6	692.01	32	33.4	32.7	24.04	922.7	692.08	668.04	2723.41	2746.93	23.52	1411.2		31.96
7/26/2014	119	3.5566	3.5829	0.0263	883.61	0.61	2.09	14.1	287.1	923.9	692.98	33.7	34.8	34.25	25.18	923.65	692.79	667.61	2746.93	2770.93	24	1440		29.76
7/27/2014	120	3.5587	3.5806	0.0219	834.56	0.61	2.08	15.1	288.1	926.3	694.78	34	34.5	34.25	25.18	927	695.31	670.12	2770.93	2793.64	22.71	1362.6		26.24
7/28/2014	121	3.5629	3.5939	0.031	862.31	0.61	2.08	16.5	289.5	928.2	696.21	33.8	34.7	34.25	25.18	928.2	696.21	671.02	2793.64	2817.14	23.5	1410		35.95
7/29/2014	122	3.5663	3.5945	0.0282	863.98	0.61	2.08	17.1	290.1	927.9	695.98	33.9	35.1	34.5	25.37	927.15	695.42	670.05	2817.14	2840.68	23.54	1412.4		32.64
7/30/2014	123	3.5661	3.6001	0.034	865.76	0.61	2.08	17.3	290.3	925.8	694.41	34.2	35.5	34.85	25.63	923.75	692.87	667.24	2840.68	2864.23	23.55	1413		39.27
7/31/2014	124	3.548	3.5832	0.0352	870.76	0.61	2.09	18	291	923.3	692.53	33.8	35.2	34.5	25.37	922.25	691.74	666.38	2864.23	2887.87	23.64	1418.4		40.42
8/1/2014	125	3.5563	3.6059	0.0496	866.01	0.61	2.09	18.4	291.4	922.7	692.08	32.9	35.6	34.25	25.18	922.75	692.12	666.94	2887.87	2911.37	23.5	1410		57.27
8/2/2014	126	3.5758	3.6284	0.0526	866.62	0.61	2.09	19	292	921.8	691.41	33.7	37.6	35.65	26.21	920.2	690.21	663.99	2911.37	2934.87	23.5	1410		60.73
8/4/2014	127	3.5935	3.6667	0.0732	866.76	0.61	2.09	20.7	293.7	921.6	691.26	34.7	36.5	35.6	26.18	922.65	692.04	665.87	2935.15	2958.65	23.5	1410		84.41
8/5/2014	128	3.5969	3.6628	0.0658	864.6	0.61	2.08	16.7	289.7	924.8	693.66	33.9	35	34.45	25.33	924.7	693.58	668.25	2958.65	2982.15	23.5	1410		76.14
8/6/2014	129	3.5813	3.6233	0.042	864.66	0.61	2.09	18.3	291.3	924.7	693.58	33.3	35.9	34.6	25.44	924.2	693.21	667.77	2982.15	3005.65	23.5	1410		48.57
8/7/2014	130	3.5712	3.6441	0.0729	864.26	0.61	2.08	19.1	292.1	925.3	694.03	33.8	36.9	35.35	25.99	924.25	693.24	667.25	3005.65	3029.15	23.5	1410		84.39
8/8/2014	131	3.5946	3.6655	0.0709	864.53	0.61	2.08	18.3	291.3	924.9	693.73	33.9	35.6	34.75	25.55	924.55	693.47	667.92	3029.15	3052.65	23.5	1410		82.01
8/9/2014	132	3.561	3.6074	0.0465	865.34	0.61	2.09	18.7	291.7	923.7	692.83	33.7	34.8	34.25	25.18	922.3	691.78	666.6	3052.65	3076.15	23.5	1410		53.7
8/10/2014	133	3.5438	3.5816	0.0378	866.26	0.61	2.09	18.8	291.8	922.34	691.81	33.3	35.5	34.4	25.29	921.95	691.52	666.23	3076.15	3099.65	23.5	1410		43.64
8/11/2014	134	3.5576	3.6146	0.0571	866.62	0.61	2.09	19.4	292.4	921.8	691.41	34.3	38.8	36.55	26.88	920.9	690.73	663.86	3099.65	3123.15	23.5	1410		65.85
8/12/2014	135	3.5919	3.6664	0.0746	867.3	0.62	2.09	21.1	294.1	920.8	690.66	34.8	37.9	36.35	26.73	919.5	689.68	662.95	3123.15	3146.65	23.5	1410		85.98
8/13/2014	136	3.5642	3.6173	0.0531	866.01	0.61	2.09	16.9	289.9	922.7	692.08	33.1	34.7	33.9	24.93	924.85	693.69	668.77	3146.65	3170.15	23.5	1410		61.32
8/14/2014	137	3.5499	3.5822	0.0323	864.13	0.61	2.08	13.4	286.4	925.5	694.18	34	35.4	34.7	25.51	925.15	693.92	668.4	3170.15	3193.65	23.5	1410		37.42
8/15/2014	138	3.5637	3.6081	0.0443	863.32	0.61	2.08	19.4	292.4	926.7	695.08	32.7	34.9	33.8	24.85	926.6	695.01	670.15	3193.65	3217.15	23.5	1410		51.35
8/16/2014	139	3.5334	3.578	0.0446	863.39	0.61	2.08	20.8	293.8	926.6	695.01	34.3	34.16	34.23	25.17	926.35	694.82	669.65	3217.15	3240.65	23.5	1410		51.7
8/17/2014	140	3.553	3.5784	0.0254	751.97	0.61	2.08	18.5	291.5	925.5	694.18	33.6	35.2	34.4	25.29	924	693.06	667.76	3240.65	3261.1	20.45	1227		33.78
8/18/2014	141	3.564	3.6144	0.0505	865.61	0.61	2.09	20.2	293.2	923.3	692.53	33.6	35.2	34.4	25.29	922.7	692.08	666.79	3261.1	3284.6	23.5	1410		58.3
8/19/2014	142	3.5698	3.6285	0.0587	893.9	0.61	2.09	19.3	292.3	923.4	692.61	33.6	35.2	34.4	25.29	922.9	692.23	666.94	3284.6	3308.87	24.27	1456.2		65.63
8/20/2014	143	3.5701	3.6299	0.0598	839.5	0.61	2.09	20.1	293.1	923.8	692.91	33.6	35.9	34.75	25.55	923.7	692.83	667.28	3308.87	3331.67	22.8	1368		71.23
8/22/2014	144	3.542	3.6172	0.0752	866.82	0.61	2.09	22.7	295.7	921.5	691.18	33.6	36.3	34.95	25.7	920.35	690.32	664.62	3331.69	3355.19	23.5	1410		86.75
8/23/2014	145	3.5605	3.6207	0.0602	867.77	0.62	2.09	22.8	295.8	920.1	690.13	34.1	36.9	35.5	26.1	918.95	689.27	663.17	3355.19	3378.69	23.5	1410		69.33
8/24/2014	146	3.5497	3.6227	0.073	868.59	0.62	2.09	23	296	918.9	689.23	33.6	38.5	36.05	26.51	919.1	689.38	662.87	3378.69	3402.19	23.5	1410		84.04
8/25/2014	147	3.5526	3.6799	0.1273	868.93	0.62	2.1	22.8	295.8	918.4	688.86	33.9	44.6	39.25	28.86	916.9	687.73	658.87	3402.19	3425.69	23.5	1410		146.46
8/26/2014	148	3.4469	3.5372	0.0903	868.79	0.62	2.1	22	295	918.6	689.01	33.5	35.7	34.6	25.44	919.05	689.34	663.9	3425.69	3449.19	23.5	1410		103.98
8/27/2014	149	3.4313	3.4797	0.0485	867.91	0.62	2.09	19.1	292.1	919.9	689.98	33.4	37.1	35.25	25.92	919.25	689.49	663.57	3449.19	3472.69	23.5	1410		55.84
8/29/2014	150	3.4616	3.5321	0.0705	869.41	0.61	2.09	19.5	292.5	921.5	691.18	33.4	34.1	33.75	24.82	921.55	691.22	666.4	3473.42	3496.99	23.57	1414.2		81.05
8/30/2014	151	3.4539	3.5118	0.058	862.9	0.61	2.09	21.9	294.9	921.3	691.03	32.7	34.8	33.75	24.82	919.95	690.02	665.2	3496.99	3520.38	23.39	1403.4		67.18
8/31/2014	152	3.451	3.5161	0.0651	869.12	0.62	2.09	22	295	919.2	689.46	33.3	37.6	35.45	26.07	918.75	689.12	663.05	3520.38	3543.9	23.52	1411.2		74.94
9/1/2014	153	3.4727	3.5085	0.0358	868.45	0.62	2.09	18.8	291.8	919.1	689.38	33.5	35.3	34.4	25.29	918.25	688.74	663.45	3543.9	3567.4	23.5	1410		41.22
9/2/2014	154	3.449	3.4939	0.0448	869.57	0.62	2.1	22.7	295.7	918	688.56	28	29.5	28.75	21.14	920.75	690.62	669.48	3567.4	3590.91	23.51	1410.6		51.56
9/3/2014	155	3.4366	3.4615	0.0249	865.99	0.62	2.09	20.3	293.3	920	690.06	28	29.3	28.65	21.07	921.65	691.29	670.23	3590.91	3614.36	23.45	1407		28.75
9/4/2014	156	3.4773	3.5015	0.0242	865.01	0.61	2.09	16.8	289.8	923.1	692.3817753	26.3	29.1	27.7	20.37	923.1	692.38	672.01	3614.36	3637.84	23.48	1408.8		27.94
9/5/2014	157	3.4369	3.4667	0.0297	866.78	0.61	2.09	18.5	291.5	923.2	692.46	27.9	29.6	28.75	21.14	922.1	691.63	670.49	3637.84	3661.37	23.53	1411.8		34.3
9/6/2014	158	3.4165	3.4559	0.0394	956.15	0.61	2.09	19.6	292.6	922.4	691.86	27.7	30.1	28.9	21.25	922	691.56	670.31	3661.37	3687.31	25.94	1556.4		41.24
9/7/2014	159	3.4576	3.5051	0.0475	775.91	0.61	2.09	22	295	923	692.31	29.3	30.2	29.75	21.88	922.35	691.82	669.94	3687.31	3708.37	21.06	1263.6		61.18
9/8/2014	160	3.4303	3.4806	0.0504	868.09	0.61	2.09	22.3	295.3	922.9	692.23	28.6	30.7	29.65	21.8	921.65	691.29	669.49	3708.37	3731.93	23.56	1413.6		58.02
9/9/2014	161	3.4509	3.4936	0.0427	871.52	0.61	2.09	22	295	921.1	690.88	28.6	30.5	29.55	21.73	919.55	689.72	667.99	3731.93	3755.55	23.62	1417.2		48.99
9/10/2014	162	3.4576	3.5093	0.0517	869.66	0.62	2.09	23	296	919.5	689.68	28.7	32.8	30.75	22.61	919.25	689.49	666.88	3755.55	3779.09	23.54	1412.4		59.45
9/11/2014	163	3.4206	3.4841	0.0634	867.67	0.62	2.09	24.1	297.1	919.7	689.83	28.6	32.5	30.55	22.46	919.3	689.53	667.07	3779.09	3802.58	23.49	1409.4		73.11
9/12/2014	164	3.3992	3.4782	0.079	869.02	0.62	2.09	24.5	297.5	919.9	689.98	28.5	30.1	29.3	21.54	920.15	690.17	668.62	3802.58	3826.11	23.53	1411.8		90.95
9/13/2014	165	3.445	3.501	0.056	876.25	0.61	2.09	22.8	295.8	921.2	690.96	28.4	31.2	29.8	21.91	920.4	690.36	668.44	3826.11	3849.86	23.75	1425		63.87
9/14/2014	166	3.4854	3.5594	0.074	871.47	0.62	2.09	23.9	296.9	920.1	690.13	29	31.6	30.3	22.28	918.4	688.86	666.58	3849.86	3873.46	23.6	1416		84.95
9/15/2014	167	3.4316	3.5061	0.0745	857.77	0.62	2.1	24.1	297.1	918.5	688.93	28.6	30.4	29.5	21.69	918.25	688.74	667.05	3873.46	3896.66	23.2	1392		86.85
9/16/2014	168	3.407	3.4822	0.0752	884.99	0.62	2.09	22.1	295.1	918.7	689.08	28.3	29.8	29.05	21.36	919.05	689.34	667.98	3896.66	3920.6	23.94	1436.4		84.94
9/17/2014	169	3.4373	3.5395	0.1022	870.56	0.62	2.09	22.1	295.1	919.8	689.91	28.2	30.6	29.4	21.62	914.4	685.86	664.24	3920.6	3944.17	23.57	1414.2		117.4
9/18/2014	170	3.4143	3.5086	0.0943	868.07	0.62	2.1	24.7	297.7	918.03	688.58	28.3	30.2	29.25	21.51	915.55	686.72	665.21	3944.17	3967.64	23.47	1408.2		108.63
9/19/2014	171	3.4225	3.5007	0.0782	869.34	0.62	2.1	21.4	294.4	917.8	688.41	28.4	30.2	29.3	21.54	917.5	688.18	666.64	3967.64	3991.14	23.5	1410		89.99
9/20/2014	172	3.4246	3.4523	0.0277	878.29	0.62	2.09	18.2	291.2	919.3	689.53	28.8	29.4	29.1	21.4	918.15	688.67	667.27	3991.14	4014.91	23.77	1426.2		31.54
9/21/2014	173	3.4813	3.5062	0.0249	876.14	0.62	2.09	19.8	292.8	919.2	689.46	29	29.3	29.15	21.43	920.45	690.39	668.96	4014.91	4038.62	23.71	1422.6		28.46
9/22/2014	174	3.466	3.501	0.035	868.5	0.61	2.09	18.1	291.1	921.2	690.96	28.4	29.6	29	21.32	919.9	689.98	668.66	4038.62	4062.16	23.54	1412.4		40.26
9/23/2014	175	3.457	3.4996	0.0425	870.27	0.62	2.09	23	296	919.68	689.82	28.4	30.9	29.65	21.8	918.75	689.12	667.32	4062.16	4085.72	23.56	1413.6		48.87
9/24/2014	176	3.4272	3.4716	0.0445	869.89	0.62	2.09	22.3	295.3	919.7	689.83	28.5	29.4	28.95	21.29	920.7	690.58	669.29	4085.72	4109.27	23.55	1413		51.12
9/25/2014	177	3.4303	3.4648	0.0345	866.57	0.62	2.09	20.8	293.8	919.7	689.83	28.5	30	29.25	21.51	917.6	688.26	666.75	4109.27	4132.73	23.46	1407.6		39.81
9/26/2014	178	3.4359	3.4616	0.0258	866.67	0.62	2.09	20.8	293.8	919	689.31	27.5	29.8	28.65	21.07	918.8	689.16	668.09	4132.73	4156.18	23.45	1407		29.73
9/27/2014	179	3.4393	3.4542	0.0148	868.41	0.62	2.09	20.14	293.14	920.792	690.65	10.8	12.9	11.85	8.71	919.75	689.87	681.16	4156.18	4179.71	23.53	1411.8		17.08
9/29/2014	181	3.4363	3.4808	0.0445	867.84	0.62	2.1	25.384	298.384	918.372	688.84	29.1	30.1	29.6	21.76	918.7	689.08	667.32	4185.11	4208.58	23.47	1408.2		51.32
10/1/2014	183	3.4179	3.4457	0.0278	866.3	0.62	2.09	23.508	296.508	920.1	690.13	28.7	29.5	29.1	21.4	920.9	690.73	669.33	4208.69	4232.15	23.46	1407.6		32.09
10/2/2014	184	3.4477	3.4808	0.0331	862.17	0.61	2.09	18.652	291.652	923.48	692.67	28.4	28.8	28.6	21.03	924.55	693.47	672.44	4232.15	4255.56	23.41	1404.6		38.39
10/3/2014	185	3.4248	3.458	0.0332	858.66	0.61	2.08	16.904	289.904	925.424	694.12	27.9	28.3	28.1	20.66	924.55	693.47	672.81	4255.56	4278.91	23.35	1401		38.66
10/4/2014	186	3.45	3.4804	0.0304	872.94	0.61	2.09	16.384	289.384	924.432	693.38	25.8	28.5	27.15	19.96	923.65	692.79	672.83	4278.91	4302.63	23.72	1423.2		34.82
10/5/2014	187	3.4617	3.4971	0.0354	859.91	0.61	2.09	17.492	290.492	924.1	693.13	28.1	29	28.55	20.99	923.45	692.64	671.65	4302.63	4325.99	23.36	1401.6		41.17
10/6/2014	188	3.4409	3.4883	0.0474	867.39	0.61	2.09	18.892	291.892	922.848	692.19	28	29.8	28.9	21.25	920.9	690.73	669.48	4325.99	4349.53	23.54	1412.4		54.65
10/7/2014	189	3.4431	3.4966	0.0535	870.19	0.61	2.09	19.516	292.516	921.436	691.13	28.4	31	29.7	21.84	919.45	689.64	667.81	4349.53	4373.12	23.59	1415.4		61.48
10/8/2014	190	3.4678	3.5308	0.063	871.48	0.62	2.09	22.012	295.012	918.992	689.3	28.5	31.1	29.8	21.91	917.25	687.99	666.08	4373.12	4396.7	23.58	1414.8		72.29
10/9/2014	191	3.4719	3.5368	0.0649	869.44	0.62	2.1	24.036	297.036	917.652	688.3	28.8	33.49	31.145	22.9	917.65	688.29	665.39	4396.7	4420.2	23.5	1410		74.65
10/10/2014	192	3.4344	3.5094	0.075	868.95	0.62	2.09	25.972	298.972	918.908	689.24	28.5	33.49	30.995	22.79	918.65	689.04	666.25	4420.2	4443.71	23.51	1410.6		86.31
10/11/2014	193	3.4472	3.5314	0.0842	944.24	0.62	2.09	26.628	299.628	919.564	689.73	29	35.3	32.15	23.64	918.8	689.16	665.52	4443.71	4469.27	25.56	1533.6		89.17
10/12/2014	194	3.444	3.5065	0.0625	789.06	0.62	2.09	26.64	299.64	919.6	689.76	29.9	33.4	31.65	23.27	918.5	688.93	665.66	4469.27	4490.63	21.36	1281.6		79.21
10/13/2014	195	3.4492	3.5362	0.087	860.16	0.62	2.09	27.228	300.228	918.784	689.14	29	38.9	33.95	24.96	918.3	688.78	663.82	4490.63	4513.9	23.27	1396.2		101.14
10/14/2014	196	3.4454	3.5461	0.1007	873.19	0.62	2.09	29.868	302.868	918.648	689.04	29.4	31.1	30.25	22.24	918.55	688.97	666.73	4513.9	4537.52	23.62	1417.2		115.32
10/15/2014	197	3.4376	3.5299	0.0923	871.96	0.62	2.09	26.772	299.772	919.376	689.59	28.7	30.5	29.6	21.76	919.25	689.49	667.73	4537.52	4561.12	23.6	1416		105.85
10/16/2014	198	3.434	3.5618	0.1278	868.82	0.62	2.1	28.236	301.236	918.564	688.98	28.2	31.6	29.9	21.99	917.4	688.11	666.12	4561.12	4584.62	23.5	1410		147.1
10/17/2014	199	3.4126	3.5511	0.1385	869.77	0.62	2.1	28.212	301.212	917.16	687.93	28.2	31.5	29.85	21.95	916.35	687.32	665.37	4584.62	4608.12	23.5	1410		159.24
10/18/2014	200	3.4481	3.5209	0.0728	838.29	0.62	2.1	27.728	300.728	916.06	687.1	29	30.8	29.9	21.99	915.85	686.94	664.96	4608.12	4630.75	22.63	1357.8		86.84
10/19/2014	201	3.4721	3.5432	0.0711	871.71	0.62	2.1	25.932	298.932	917.028	687.83	29	30.3	29.65	21.8	916.75	687.62	665.82	4630.75	4654.3	23.55	1413		81.56
10/20/2014	202	3.3997	3.4393	0.0396	869.83	0.62	2.09	20.988	293.988	919.248	689.49	28.2	29.1	28.65	21.07	919.1	689.38	668.32	4654.3	4677.84	23.54	1412.4		45.53
10/21/2014	203	3.4241	3.4677	0.0436	868.68	0.62	2.09	19.608	292.608	920.392	690.35	27.9	31	29.45	21.65	920	690.06	668.4	4677.84	4701.37	23.53	1411.8		50.19
10/22/2014	204	3.4208	3.4685	0.0477	905.35	0.62	2.09	21.352	294.352	920.752	690.62	27.9	31	29.45	21.65	921.15	690.92	669.26	4701.37	4725.9	24.53	1471.8		52.69
10/24/2014	206	3.585	3.6317	0.0467	872.87	0.62	2.1	23.276	296.276	918.04	688.59	29.5	30	29.75	21.88	917.45	688.14	666.27	4725.9	4749.5	23.6	1416		53.5
10/25/2014	207	3.5481	3.5659	0.0178	881.93	0.62	2.09	19	292	918.844	689.19	29.6	30.5	30.05	22.1	917.5	688.18	666.09	4749.5	4773.36	23.86	1431.6		20.18
10/26/2014	208	3.5742	3.5954	0.0212	851.9	0.62	2.1	20.096	293.096	918.424	688.87	30	30.6	30.3	22.28	918.95	689.27	666.99	4773.36	4796.4	23.04	1382.4		24.89
10/27/2014	209	3.5555	3.5922	0.0367	868.32	0.62	2.09	21.656	294.656	919.292	689.53	28.5	29.3	28.9	21.25	919	689.31	668.06	4796.4	4819.9	23.5	1410		42.27
10/28/2014	210	3.5393	3.588	0.0487	869.25	0.62	2.1	21.52	294.52	917.928	688.5	27.9	29.9	28.9	21.25	915.75	686.87	665.62	4819.9	4843.4	23.5	1410		56.03
10/29/2014	211	3.561	3.5957	0.0347	871.15	0.62	2.1	23.932	296.932	915.136	686.41	28.7	30.4	29.55	21.73	913.5	685.18	663.45	4843.4	4866.9	23.5	1410		39.83
10/30/2014	212	3.5958	3.6573	0.0615	871.24	0.62	2.1	25.656	298.656	915.004	686.31	29.1	31	30.05	22.1	917.7	688.33	666.24	4866.9	4890.4	23.5	1410		70.59
10/31/2014	213	3.5708	3.6111	0.0403	869.3	0.62	2.1	25.144	298.144	917.852	688.45	32.1	33.3	32.7	24.04	919.2	689.46	665.41	4890.4	4913.9	23.5	1410		46.36
11/1/2014	214	3.5764	3.6052	0.0288	868.08	0.62	2.09	24.216	297.216	919.64	689.79	32.3	33.1	32.7	24.04	919.55	689.72	665.67	4913.9	4937.4	23.5	1410		33.18
11/2/2014	215	3.5979	3.623	0.0251	868.88	0.62	2.1	23.272	296.272	918.468	688.91	32.5	33.1	32.8	24.12	916.75	687.62	663.5	4937.4	4960.9	23.5	1410		28.89
11/3/2014	216	3.5806	3.6094	0.0288	870.37	0.62	2.1	23.068	296.068	916.28	687.27	32.1	33.1	32.6	23.97	916.1	687.13	663.16	4960.9	4984.4	23.5	1410		33.09
11/4/2014	217	3.5687	3.5816	0.0129	870.04	0.62	2.1	20.864	293.864	916.764	687.63	32.1	32.5	32.3	23.75	917.45	688.14	664.39	4984.4	5007.9	23.5	1410		14.83
11/5/2014	218	3.5891	3.6134	0.0243	868.42	0.62	2.09	21.912	294.912	919.152	689.42	32.3	33.1	32.7	24.04	920.05	690.09	666.05	5007.9	5031.4	23.5	1410		27.98
11/6/2014	219	3.6131	3.6414	0.0283	867.76	0.62	2.09	23.352	296.352	920.12	690.15	32.2	33.3	32.75	24.08	919.1	689.38	665.3	5031.4	5054.9	23.5	1410		32.61
11/7/2014	220	3.5746	3.604	0.0294	869.46	0.62	2.1	23.304	296.304	917.62	688.27	32.1	32.7	32.4	23.82	917.15	687.92	664.1	5054.9	5078.4	23.5	1410		33.81
11/8/2014	221	3.5576	3.5855	0.0279	870.35	0.62	2.1	21.516	294.516	916.304	687.28	31.6	33.9	32.75	24.08	916.05	687.09	663.01	5078.4	5101.9	23.5	1410		32.06
11/10/2014	222	3.5631	3.5971	0.034	869.49	0.62	2.1	22.464	295.464	916.492	687.43	32.1	32.5	32.3	23.75	916.15	687.17	663.42	5101.9	5125.38	23.48	1408.8		39.1
11/11/2014	223	3.5698	3.6178	0.048	869.35	0.62	2.1	23.8	296.8	914.516	685.94	31.7	33.2	32.45	23.86	913.1	684.88	661.02	5125.38	5148.82	23.44	1406.4		55.21
11/12/2014	224	3.5545	3.6222	0.0677	876.52	0.62	2.1	22.284	295.284	913.264	685	31.7	33.1	32.4	23.82	912.4	684.36	660.53	5148.82	5172.43	23.61	1416.6		77.24
11/13/2014	225	3.5804	3.6137	0.0333	874.91	0.62	2.1	22.552	295.552	913.44	685.14	32.3	33	32.65	24.01	914.6	686.01	662	5172.43	5196	23.57	1414.2		38.06
11/14/2014	226	3.5645	3.5964	0.0319	874.16	0.62	2.1	19.968	292.968	915.608	686.76	31.9	32.5	32.2	23.68	916.65	687.54	663.87	5196	5219.59	23.59	1415.4		36.49
11/15/2014	227	3.5597	3.5946	0.0349	1291.35	0.62	2.1	19.94	292.94	918.236	688.73	31.7	34.1	32.9	24.19	919.25	689.49	665.3	5219.59	5254.51	34.92	2095.2		27.03
11/17/2014	229	3.5624	3.6029	0.0405	874.36	0.62	2.1	20.924	293.924	918.032	688.58	35	34.6	34.8	25.59	917.05	687.84	662.26	5254.51	5278.15	23.64	1418.4		46.32
11/18/2014	230	3.5869	3.6264	0.0395	870.69	0.62	2.1	22.616	295.616	917.444	688.14	33.8	35.4	34.6	25.44	917.15	687.92	662.48	5278.15	5301.68	23.53	1411.8		45.37
11/19/2014	231	3.5947	3.6418	0.0471	873.73	0.62	2.1	24.768	297.768	917.328	688.05	34.4	35.6	35	25.74	917.3	688.03	662.3	5301.68	5325.29	23.61	1416.6		53.91
11/20/2014	232	3.5533	3.6159	0.0626	876.21	0.62	2.1	24.38	297.38	918.024	688.57	34	35.7	34.85	25.63	917.4	688.11	662.48	5325.29	5348.98	23.69	1421.4		71.44
11/21/2014	233	3.568	3.6217	0.0537	875.28	0.62	2.1	24.236	297.236	917.76	688.38	34.4	35.2	34.8	25.59	916.75	687.62	662.03	5348.98	5372.64	23.66	1419.6		61.35
11/22/2014	234	3.5854	3.6213	0.0359	881.58	0.62	2.1	22.18	295.18	917.208	687.96	34.7	35.3	35	25.74	916.6	687.51	661.77	5372.64	5396.46	23.82	1429.2		40.72
11/23/2014	235	3.5554	3.5789	0.0235	769.86	0.62	2.1	22.496	295.496	917.748	688.37	35.4	36.1	35.75	26.29	917.5	688.18	661.89	5396.46	5417.27	20.81	1248.6		30.53
11/24/2014	236	3.5419	3.5646	0.0227	875.87	0.62	2.1	21.748	294.748	917.984	688.54	35.1	36.2	35.65	26.21	916.9	687.73	661.52	5417.27	5440.95	23.68	1420.8		25.92
11/25/2014	237	3.5632	3.5795	0.0163	876.99	0.62	2.1	21.952	294.952	915.276	686.51	35.4	36.6	36	26.47	912.95	684.77	658.3	5440.95	5464.61	23.66	1419.6		18.59
11/26/2014	238	3.5182	3.5374	0.0192	876.02	0.62	2.1	21.224	294.224	914.528	685.95	34.9	36.2	35.55	26.14	915.2	686.46	660.32	5464.61	5488.23	23.62	1417.2		21.92
11/27/2014	239	3.5457	3.5733	0.0276	877.32	0.62	2.1	21.816	294.816	916.412	687.37	35.3	36.2	35.75	26.29	916.8	687.66	661.37	5488.23	5511.92	23.69	1421.4		31.42
11/28/2014	240	3.5546	3.5865	0.032	869.31	0.62	2.1	21.872	294.872	918.376	688.84	34.8	36.1	35.45	26.07	918.7	689.08	663.02	5511.92	5535.43	23.51	1410.6		36.77
12/4/2014	246	3.4817	3.5147	0.033	868.77	0.62	2.1	21.42	294.42	917.54	688.21	33.6	34.2	33.9	24.93	917.75	688.37	663.44	5547.22	5570.7	23.48	1408.8		38.02
12/5/2014	247	3.5232	3.5635	0.0403	874.59	0.62	2.09	20.36	293.36	918.77	689.14	34.3	35.2	34.75	25.55	918.85	689.19	663.64	5570.7	5594.36	23.66	1419.6		46.04
12/6/2014	248	3.546	3.5677	0.0217	897.36	0.62	2.09	22.24	295.24	918.98	689.29	34.4	35.5	34.95	25.7	919.4	689.61	663.91	5594.36	5618.64	24.28	1456.8		24.14
12/7/2014	249	3.5186	3.5353	0.0167	843.47	0.62	2.09	22.52	295.52	919.43	689.63	34.4	35.1	34.75	25.55	919.3	689.53	663.98	5618.64	5641.47	22.83	1369.8		19.84
12/8/2014	250	3.5816	3.6331	0.0515	874.55	0.62	2.09	21.42	294.42	919.37	689.59	34.1	35.2	34.65	25.48	918.6	689.01	663.53	5641.47	5665.14	23.67	1420.2		58.85
12/9/2014	251	3.5656	3.5763	0.0107	876.79	0.62	2.1	21.28	294.28	917.72	688.35	34.2	34.8	34.5	25.37	915.95	687.02	661.65	5665.14	5688.84	23.7	1422		12.24
12/10/2014	252	3.5584	3.5717	0.0133	913.87	0.62	2.1	20.54	293.54	917.6	688.26	33.9	34.7	34.3	25.22	917.3	688.03	662.81	5688.84	5713.54	24.7	1482		14.59
12/14/2014	256	3.478	3.4925	0.0145	866.87	0.62	2.1	21.64	294.64	915.43	686.63	33.7	34.1	33.9	24.93	916.6	687.51	662.58	5713.54	5736.93	23.39	1403.4		16.73
12/15/2014	257	3.5179	3.5549	0.037	868.9	0.62	2.1	20.86	293.86	918.44	688.89	33.6	34.7	34.15	25.11	917.75	688.37	663.26	5736.93	5760.43	23.5	1410		42.54
12/16/2014	258	3.5444	3.582	0.0376	869.09	0.62	2.1	22.66	295.66	918.16	688.68	34.1	35.7	34.9	25.66	918.7	689.08	663.42	5760.43	5783.93	23.5	1410		43.26
12/17/2014	259	3.5127	3.5512	0.0385	870.55	0.62	2.1	23.72	296.72	916.02	687.07	34.2	36	35.1	25.81	917	687.81	662	5783.93	5807.43	23.5	1410		44.23
12/18/2014	260	3.5268	3.5595	0.0327	871.61	0.62	2.1	25.18	298.18	914.46	685.9	34.6	36.8	35.7	26.25	914.5	685.93	659.68	5807.43	5830.93	23.5	1410		37.55
12/19/2014	261	3.4978	3.5222	0.0243	871.55	0.62	2.1	23.66	296.66	914.55	685.97	34.6	35.5	35.05	25.77	914.55	685.97	660.2	5830.93	5854.43	23.5	1410		27.92
12/20/2014	262	3.5171	3.5328	0.0157	870.71	0.62	2.1	22.93	295.93	915.79	686.9	34.5	35.4	34.95	25.7	915	686.31	660.61	5854.43	5877.93	23.5	1410		18.07
12/21/2014	263	3.5259	3.5378	0.0119	884	0.62	2.1	21.99	294.99	916.38	687.34	35.1	36.4	35.75	26.29	914.95	686.27	659.98	5877.93	5901.8	23.87	1432.2		13.42
12/23/2014	265	3.5365	3.5467	0.0102	870.05	0.62	2.1	20.07	293.07	918.38	688.84	35.6	35.8	35.7	26.25	917.05	687.84	661.59	5901.8	5925.33	23.53	1411.8		11.72
12/24/2014	266	3.5522	3.5724	0.0202	868.28	0.62	2.09	22.16	295.16	919.35	689.57	34.7	35.7	35.2	25.88	918.75	689.12	663.24	5925.33	5948.83	23.5	1410		23.3
12/25/2014	267	3.5669	3.5861	0.0192	867.26	0.62	2.09	23.26	296.26	920.86	690.7	35.2	36.1	35.65	26.21	919.8	689.91	663.69	5948.83	5972.33	23.5	1410		22.14
12/27/2014	269	3.5179	3.5449	0.027	868.42	0.62	2.09	25.9	298.9	919.15	689.42	35.2	36.1	35.65	26.21	921.15	690.92	664.71	5972.33	5995.83	23.5	1410		31.09
12/28/2014	270	3.5429	3.5761	0.0332	869.65	0.62	2.1	24.88	297.88	917.34	688.06	35.3	36	35.65	26.21	917.65	688.29	662.08	5995.83	6019.33	23.5	1410		38.18
12/29/2014	271	3.5514	3.5659	0.0145	869.8	0.62	2.1	24.3	297.3	917.11	687.89	35.2	36.4	35.8	26.32	915.85	686.94	660.62	6019.33	6042.83	23.5	1410		16.67
12/30/2014	272	3.5489	3.5688	0.0199	869.91	0.62	2.1	22.82	295.82	916.95	687.77	35.2	35.7	35.45	26.07	915.85	686.94	660.88	6042.83	6066.33	23.5	1410		22.91
1/28/2015	273	3.5671	3.5945	0.0274	1436.83	0.62	2.09	23.5	296.5	919.1	689.38	34.3	35.2	34.75	25.55	919.5	689.68	664.13	6067.08	6105.96	38.88	2332.8		19.07
1/29/2015	274	3.5837	3.6011	0.0174	832.47	0.62	2.09	22.7	295.7	919.3	689.53	34.2	35.5	34.85	25.63	918.1	688.63	663.01	6105.96	6128.49	22.53	1351.8		20.9
1/30/2015	275	3.5969	3.6175	0.0206	864.08	0.62	2.09	23.6	296.6	919	689.31	34.3	35.2	34.75	25.55	918.8	689.16	663.61	6128.49	6151.87	23.38	1402.8		23.84
1/31/2015	276	3.5621	3.5889	0.0268	1061.6	0.62	2.09	23.6	296.6	919.7	689.83	34.2	35.6	34.9	25.66	919.1	689.38	663.72	6151.87	6180.61	28.74	1724.4		25.24
2/1/2015	277	3.5744	3.5922	0.0178	672.8	0.62	2.09	24.1	297.1	919.4	689.61	35.2	35	35.1	25.81	919.8	689.91	664.1	6180.61	6198.82	18.21	1092.6		26.46
2/2/2015	278	3.5934	3.6158	0.0224	861.93	0.62	2.09	21.6	294.6	918.9	689.23	34.4	35.4	34.9	25.66	917.8	688.41	662.74	6198.82	6222.14	23.32	1399.2		25.99
2/3/2015	279	3.5436	3.5701	0.0265	858.91	0.62	2.1	22.4	295.4	916.8	687.66	34.8	36.3	35.55	26.14	915.2	686.46	660.32	6222.14	6245.34	23.2	1392		30.85
2/4/2015	280	3.5689	3.5883	0.0194	866.52	0.62	2.1	21	294	915.4	686.61	35.5	36.3	35.9	26.4	912.8	684.66	658.26	6245.34	6268.72	23.38	1402.8		22.39
2/5/2015	281	3.537	3.5586	0.0216	876.84	0.62	2.1	19.8	292.8	912.8	684.66	35	35.9	35.45	26.07	910.9	683.23	657.16	6268.72	6292.33	23.61	1416.6		24.63
2/6/2015	282	3.5293	3.553	0.0237	876.3	0.62	2.11	20.4	293.4	912.5	684.43	34.6	35.7	35.15	25.85	912.4	684.36	658.51	6292.33	6315.92	23.59	1415.4		27.05
2/7/2015	283	3.5644	3.5977	0.0333	1734.21	0.62	2.1	21.5	294.5	914	685.56	34.9	36.3	35.6	26.18	915.2	686.46	660.28	6315.92	6362.66	46.74	2804.4		19.2
2/9/2015	285	3.5726	3.5853	0.0127	873.75	0.62	2.1	22.1	295.1	917.3	688.03	34.8	36	35.4	26.03	917.1	687.88	661.85	6362.66	6386.27	23.61	1416.6		14.54
2/10/2015	286	3.5645	3.5807	0.0162	868.75	0.62	2.09	21.7	294.7	919.2	689.46	34	35.1	34.55	25.4	919.8	689.91	664.5	6386.27	6409.78	23.51	1410.6		18.65
2/11/2015	287	3.5782	3.5955	0.0173	868.95	0.62	2.09	23.4	296.4	920	690.06	35	36.1	35.55	26.14	920.4	690.36	664.22	6409.78	6433.31	23.53	1411.8		19.91
2/12/2015	288	3.544	3.5697	0.0257	863.98	0.62	2.09	24.7	297.7	920.8	690.66	33.1	36.8	34.95	25.7	920.4	690.36	664.66	6433.31	6456.72	23.41	1404.6		29.75
2/13/2015	289	3.5248	3.5523	0.0275	871.93	0.62	2.09	23.2	296.2	920.5	690.43	35	35.3	35.15	25.85	919.3	689.53	663.69	6456.72	6480.34	23.62	1417.2		31.54
2/15/2015	291	3.5515	3.5671	0.0156	872.66	0.62	2.1	21.7	294.7	917.8	688.41	34.6	35	34.8	25.59	917.7	688.33	662.74	6480.34	6503.93	23.59	1415.4		17.88
2/16/2015	292	3.554	3.5716	0.0176	882.14	0.62	2.1	22.1	295.1	918	688.56	34.6	35	34.8	25.59	917.5	688.18	662.59	6503.93	6527.78	23.85	1431		19.95
2/18/2015	294	3.5166	3.527	0.0104	872.24	0.62	2.1	21.7	294.7	916.8	687.66	34	34.1	34.05	25.04	915.7	686.83	661.79	6527.78	6551.34	23.56	1413.6		11.92
2/21/2015	297	3.5297	3.5619	0.0322	896.09	0.62	2.09	24.9	297.9	920.8	690.66	34.3	35.3	34.8	25.59	920.8	690.66	665.07	6551.56	6575.84	24.28	1456.8		35.93
2/22/2015	298	3.5518	3.5816	0.0298	864.85	0.62	2.09	24.5	297.5	920.6	690.51	34.5	35.2	34.85	25.63	920.4	690.36	664.73	6575.84	6599.27	23.43	1405.8		34.46
2/23/2015	299	3.5278	3.5508	0.023	871.33	0.62	2.09	24.4	297.4	920.3	690.28	34.2	35.4	34.8	25.59	919.3	689.53	663.94	6599.27	6622.87	23.6	1416		26.4
2/24/2015	300	3.5264	3.5455	0.0191	868.81	0.62	2.09	24	297	920.2	690.21	35	35.7	35.35	25.99	920.9	690.73	664.74	6622.87	6646.4	23.53	1411.8		21.98
2/25/2015	301	3.5472	3.5594	0.0122	870.18	0.62	2.09	22.7	295.7	920.9	690.73	35.1	35.8	35.45	26.07	920.3	690.28	664.22	6646.4	6669.98	23.58	1414.8		14.02
2/26/2015	302	3.5226	3.5405	0.0179	872.16	0.62	2.1	23.3	296.3	918	688.56	34.8	36.2	35.5	26.1	917	687.81	661.7	6669.98	6693.56	23.58	1414.8		20.52
2/27/2015	303	3.5276	3.5467	0.0191	873.44	0.62	2.1	21.5	294.5	917.2	687.96	34.3	35.8	35.05	25.77	916.8	687.66	661.88	6693.56	6717.16	23.6	1416		21.87
2/28/2015	304	3.494	3.5131	0.0191	866.17	0.62	2.1	21.9	294.9	918.1	688.63	34.1	34.7	34.4	25.29	918.6	689.01	663.71	6717.16	6740.58	23.42	1405.2		22.05
3/1/2015	305	3.5174	3.542	0.0246	857.4	0.62	2.09	22.5	295.5	919.6	689.76	34.3	35.1	34.7	25.51	920	690.06	664.54	6740.58	6763.79	23.21	1392.6		28.69
3/2/2015	306	3.5714	3.6061	0.0347	872.19	0.62	2.09	23.06	296.06	919.58	689.74	34.1	35.2	34.65	25.48	918.7	689.08	663.6	6763.79	6787.4	23.61	1416.6		39.75
3/3/2015	307	3.5546	3.5943	0.0397	871.95	0.62	2.09	23.87	296.87	918.84	689.19	35.6	36.4	36	26.47	918.35	688.82	662.35	6787.4	6810.99	23.59	1415.4		45.57
3/4/2015	308	3.5313	3.5567	0.0254	872.3	0.62	2.09	23.18	296.18	918.88	689.22	34.2	35.9	35.05	25.77	918.95	689.27	663.5	6810.99	6834.59	23.6	1416		29.12
3/5/2015	309	3.5345	3.5633	0.0288	871.63	0.62	2.1	23.64	296.64	918.23	688.73	34.8	36.2	35.5	26.1	917.7	688.33	662.23	6834.59	6858.16	23.57	1414.2		33.04
3/6/2015	310	3.5327	3.5604	0.0277	872.86	0.62	2.1	22.74	295.74	917.51	688.19	34.9	36.3	35.6	26.18	916.5	687.43	661.25	6858.16	6881.75	23.59	1415.4		31.77
3/7/2015	311	3.5448	3.561	0.0162	877.54	0.62	2.1	21.5	294.5	917.16	687.93	35.2	36	35.6	26.18	916.05	687.09	660.92	6881.75	6905.46	23.71	1422.6		18.46
3/8/2015	312	3.5742	3.5866	0.0124	847.07	0.62	2.1	20.84	293.84	917.35	688.07	35.3	35.9	35.6	26.18	916.35	687.32	661.14	6905.46	6928.35	22.89	1373.4		14.64
3/9/2015	313	3.5411	3.5529	0.0119	863.68	0.62	2.1	20.12	293.12	916.86	687.7	35.3	36.1	35.7	26.25	915.45	686.64	660.39	6928.35	6951.68	23.33	1399.8		13.74
3/10/2015	314	3.5616	3.5785	0.017	874.56	0.62	2.1	21.31	294.31	915.57	686.73	34.9	36.4	35.65	26.21	914.8	686.16	659.94	6951.68	6975.28	23.6	1416		19.4
3/11/2015	315	3.5721	3.5924	0.0203	874.97	0.62	2.1	21.53	294.53	915.52	686.7	35.1	36.8	35.95	26.43	915	686.31	659.87	6975.28	6998.89	23.61	1416.6		23.2
3/12/2015	316	3.567	3.5886	0.0216	873.68	0.62	2.1	21.1	294.1	916.86	687.7	34.6	35.9	35.25	25.92	916.65	687.54	661.62	6998.89	7022.49	23.6	1416		24.72
3/13/2015	317	3.5898	3.6074	0.0176	873.4	0.62	2.1	21.43	294.43	917.8	688.41	34.5	35.9	35.2	25.88	917.25	687.99	662.11	7022.49	7046.1	23.61	1416.6		20.15
3/14/2015	318	3.5734	3.5885	0.0151	865.71	0.62	2.09	20.11	293.11	918.79	689.15	33.9	34.8	34.35	25.26	917.7	688.33	663.07	7046.1	7069.52	23.42	1405.2		17.48
3/15/2015	319	5.0285	5.0412	0.0128	862.02	0.62	2.09	21.2	294.2	918.78	689.14	49	50.1	49.55	36.43	917.85	688.44	652.01	7069.52	7092.84	23.32	1399.2		14.81
3/16/2015	320	5.0112	5.0261	0.0149	873.01	0.62	2.1	21.98	294.98	917.84	688.44	48.4	49.3	48.85	35.92	917	687.81	651.89	7092.84	7116.44	23.6	1416		17.03
3/17/2015	321	4.9996	5.0253	0.0258	872.35	0.62	2.09	20.37	293.37	918.8	689.16	46.5	48.7	47.6	35	919.3	689.53	654.53	7116.44	7140.04	23.6	1416		29.54
3/18/2015	322	5.0271	5.0334	0.0062	870.08	0.62	2.09	19.65	292.65	919.97	690.03	49.4	50.6	50	36.76	919.5	689.68	652.92	7140.04	7163.6	23.56	1413.6		7.16
3/19/2015	323	5.0213	5.0446	0.0233	871.65	0.62	2.09	19.33	292.33	919.83	689.93	48.4	49.6	49	36.03	917.15	687.92	651.89	7163.6	7187.2	23.6	1416		26.73
3/20/2015	324	4.9821	4.999	0.0169	872.67	0.62	2.1	19.88	292.88	917.79	688.4	46.8	47.9	47.35	34.82	916.3	687.28	652.47	7187.2	7210.79	23.59	1415.4		19.33
3/21/2015	325	5.0362	5.0525	0.0163	879.05	0.62	2.1	20.04	293.04	916.04	687.09	48.4	49.3	48.85	35.92	915.35	686.57	650.65	7210.79	7234.52	23.73	1423.8		18.54
3/22/2015	326	5.0264	5.0386	0.0122	847.29	0.62	2.1	19.89	292.89	917.01	687.81	49.3	50	49.65	36.51	918.15	688.67	652.16	7234.52	7257.41	22.89	1373.4		14.36
3/23/2015	327	5.0104	5.0346	0.0243	871.84	0.62	2.09	20.89	293.89	920.09	690.12	47.6	48.5	48.05	35.33	921.15	690.92	655.59	7257.41	7281.02	23.61	1416.6		27.83
3/24/2015	328	5.022	5.0294	0.0074	870.77	0.61	2.09	21.3	294.3	921.67	691.31	47.9	49.1	48.5	35.66	921.45	691.14	655.48	7281.02	7304.63	23.61	1416.6		8.5
3/26/2015	329	5.0311	5.0612	0.0301	872.58	0.62	2.09	22.59	295.59	920.63	690.53	50	51.3	50.65	37.24	918.75	689.12	651.88	7304.63	7328.27	23.64	1418.4		34.5
3/27/2015	330	5.0246	5.0446	0.02	922.14	0.62	2.1	23.3	296.3	918.44	688.89	48.6	50.7	49.65	36.51	919	689.31	652.8	7328.27	7353.21	24.94	1496.4		21.69
3/28/2015	331	5.0055	5.0394	0.0339	813.16	0.62	2.09	22.09	295.09	920.62	690.52	48.7	49.4	49.05	36.07	921.2	690.96	654.89	7353.21	7375.24	22.03	1321.8		41.69
3/29/2015	332	5.0208	5.0402	0.0194	873.21	0.62	2.09	22.12	295.12	920.79	690.65	49.1	50.3	49.7	36.54	918.75	689.12	652.57	7375.24	7398.9	23.66	1419.6		22.22
3/30/2015	333	5.0206	5.0343	0.0137	854.61	0.62	2.09	23.22	296.22	918.8	689.16	48.9	50.3	49.6	36.47	917.35	688.07	651.6	7398.9	7422.02	23.12	1387.2		16.03
3/31/2015	334	4.9972	5.0203	0.0231	880.05	0.62	2.1	20.81	293.81	918.36	688.83	48	49.8	48.9	35.96	918.4	688.86	652.9	7422.02	7445.82	23.8	1428		26.25
4/1/2015	335	5.0172	5.0588	0.0416	855.72	0.62	2.09	21.78	294.78	918.79	689.15	48	49.5	48.75	35.85	918.3	688.78	652.94	7445.82	7468.97	23.15	1389		48.61
4/2/2015	336	5.0374	5.0637	0.0263	872.05	0.62	2.09	22.47	295.47	919.24	689.49	49.8	50.4	50.1	36.84	919.45	689.64	652.81	7468.97	7492.57	23.6	1416		30.16
4/3/2015	337	5.0222	5.0427	0.0205	872.19	0.62	2.09	21.9	294.9	919.58	689.74	48.6	50.2	49.4	36.32	918.6	689.01	652.68	7492.57	7516.18	23.61	1416.6		23.5
4/4/2015	338	5.013	5.0306	0.0176	873.58	0.62	2.1	21.61	294.61	918.08	688.62	47.9	49.3	48.6	35.74	917.15	687.92	652.18	7516.18	7539.8	23.62	1417.2		20.15
4/5/2015	339	5.0175	5.0273	0.0098	871.44	0.62	2.1	20.99	293.99	916.34	687.31	48.5	49.7	49.1	36.1	915.5	686.68	650.58	7539.8	7563.33	23.53	1411.8		11.25
4/6/2015	340	5.0218	5.0359	0.0141	873.62	0.62	2.1	20.66	293.66	915.32	686.55	49.3	50.1	49.7	36.54	913.95	685.52	648.97	7563.33	7586.9	23.57	1414.2		16.14
4/7/2015	341	5.0033	5.0338	0.0305	874.49	0.62	2.1	20.71	293.71	915.68	686.82	47.1	48.1	47.6	35	916.8	687.66	652.66	7586.9	7610.5	23.6	1416		34.88
4/8/2015	342	5.0038	5.0317	0.0279	870.71	0.62	2.1	18.2	291.2	918.5	688.93	47.6	49.4	48.5	35.66	919.45	689.64	653.98	7610.5	7634.05	23.55	1413		32.04
4/9/2015	343	5.055	5.0946	0.0397	871.18	0.62	2.09	20.04	293.04	919.98	690.04	43.1	44.9	44	32.35	920.1	690.13	657.78	7634.05	7657.64	23.59	1415.4		45.53
4/10/2015	344	5.0859	5.1298	0.044	891.65	0.61	2.09	20.54	293.54	921.34	691.06	43.4	45.1	44.25	32.54	921.3	691.03	658.49	7657.64	7681.81	24.17	1450.2		49.31
4/11/2015	345	5.084	5.1144	0.0304	908.15	0.61	2.09	20.64	293.64	922	691.56	43.7	45.7	44.7	32.87	921	690.81	657.94	7681.81	7706.44	24.63	1477.8		33.47
4/12/2015	346	5.109	5.1435	0.0345	787.8	0.61	2.09	20.94	293.94	921.05	690.84	45.2	44.8	45	33.09	919.65	689.79	656.71	7706.44	7727.79	21.35	1281		43.79
4/13/2015	347	5.1053	5.157	0.0517	879.05	0.62	2.09	21.95	294.95	919.81	689.91	43.9	45.7	44.8	32.94	919.9	689.98	657.04	7727.79	7751.59	23.8	1428		58.78
4/14/2015	348	5.1042	5.1354	0.0312	849.45	0.62	2.09	21.94	294.94	920.44	690.39	43.9	45.4	44.65	32.83	919.55	689.72	656.89	7751.59	7774.6	23.01	1380.6		36.77
4/15/2015	349	5.0974	5.1194	0.022	874.61	0.62	2.09	22.38	295.38	919.82	689.92	44.1	45.4	44.75	32.9	918.85	689.19	656.29	7774.6	7798.28	23.68	1420.8		25.15
4/16/2015	350	5.0898	5.1197	0.0299	943.93	0.62	2.09	20.94	293.94	918.98	689.29	41.5	46	43.75	32.17	918.55	688.97	656.8	7798.28	7823.82	25.54	1532.4		31.68
4/18/2015	352	5.0782	5.1158	0.0376	931.9	0.62	2.09	22.59	295.59	919.26	689.5	38.4	34.8	36.6	26.91	917.95	688.52	661.61	7823.82	7849.04	25.22	1513.2		40.38
4/19/2015	353	5.0973	5.1154	0.0181	901.16	0.62	2.1	23.31	296.31	918.31	688.79	34.8	36.8	35.8	26.32	917	687.81	661.48	7849.04	7873.41	24.37	1462.2		20.09
4/20/2015	354	5.0933	5.1174	0.0241	850.92	0.62	2.1	22.5	295.5	918.24	688.74	35.61	38.3	36.955	27.17	918.2	688.71	661.53	7873.41	7896.42	23.01	1380.6		28.32
4/21/2015	355	5.0975	5.1135	0.016	862.13	0.62	2.1	23.52	296.52	917.52	688.2	34.4	34.6	34.5	25.37	917.4	688.11	662.74	7896.42	7919.72	23.3	1398		18.56
4/22/2015	356	5.0905	5.1106	0.0201	740.07	0.62	2.1	24.54	297.54	916.8	687.66	33.3	38.2	35.75	26.29	916.6	687.51	661.22	7919.72	7939.71	19.99	1199.4		27.16
4/23/2015	357	5.1039	5.1268	0.0229	873.1	0.62	2.1	25.56	298.56	916.08	687.12	37.5	38.4	37.95	27.9	915.8	686.91	659	7939.71	7963.28	23.57	1414.2		26.23
4/24/2015	358	5.0962	5.1273	0.031	875.82	0.62	2.1	26.58	299.58	915.36	686.58	38	39.5	38.75	28.49	915	686.31	657.81	7963.28	7986.91	23.63	1417.8		35.43
4/25/2015	359	5.0815	5.127	0.0456	914.51	0.62	2.1	27.6	300.6	914.64	686.04	37.7	36.9	37.3	27.43	914.2	685.71	658.28	7986.91	8011.57	24.66	1479.6		49.83
4/26/2015	360	5.1152	5.1576	0.0424	830.8	0.62	2.1	28.62	301.62	913.92	685.5	37.8	37	37.4	27.5	913.4	685.11	657.61	8011.57	8033.96	22.39	1343.4		51.04
4/27/2015	361	5.1133	5.1527	0.0394	873.22	0.62	2.1	29.64	302.64	913.2	684.96	36.6	39.8	76.4	56.18	912.6	684.51	628.33	8033.96	8057.48	23.52	1411.2		45.12
4/28/2015	362	5.106	5.1584	0.0525	882.63	0.62	2.11	30.66	303.66	912.48	684.42	37.8	37.4	75.2	55.29	911.8	683.91	628.61	8057.48	8081.24	23.76	1425.6		59.44
4/29/2015	363	5.1046	5.155	0.0504	861.57	0.62	2.11	31.68	304.68	911.76	683.88	33.5	36.8	70.3	51.69	911	683.31	631.61	8081.24	8104.42	23.18	1390.8		58.5
4/30/2015	364	5.1072	5.1761	0.0689	849.78	0.62	2.11	32.7	305.7	911.04	683.34	36.5	38.7	75.2	55.29	910.2	682.71	627.41	8104.42	8127.27	22.85	1371		81.08
