Data	Concentracao	Precipitacao	Temperatura	Umidade	Velocidade_vento
1/1/2014	11.00	0.00	24.47	81.82	2.37
1/2/2014	10.58	0.00	25.43	77.50	1.97
1/3/2014	16.58	0.00	29.62	58.00	2.12
1/4/2014	16.50	0.00	27.45	65.16	2.51
1/5/2014	16.75	0.00	27.20	61.38	2.90
1/6/2014	20.83	0.00	28.10	51.14	2.26
1/7/2014	31.63	0.00	27.69	51.21	2.21
1/8/2014	31.71	0.00	27.68	51.83	2.43
1/9/2014	25.50	0.00	27.94	51.83	2.20
1/10/2014	27.33	0.00	27.50	51.63	2.62
1/11/2014	21.13	0.00	27.14	56.63	2.18
1/12/2014	25.42	0.00	26.75	61.25	2.09
1/13/2014	16.75	0.00	24.30	74.00	2.08
1/14/2014	19.92	0.00	25.76	65.17	1.88
1/15/2014	13.58	0.00	26.22	62.27	1.90
1/16/2014	15.58	0.00	24.75	67.88	1.95
1/17/2014	13.88	0.00	25.43	64.08	2.08
1/18/2014	15.08	0.00	25.68	62.54	2.19
1/19/2014	16.29	0.00	26.36	57.63	2.07
1/20/2014	22.75	0.00	27.80	53.00	2.08
1/21/2014	19.08	0.00	26.59	61.79	3.13
1/22/2014	15.33	0.00	26.73	64.92	2.53
1/23/2014	12.08	0.00	26.05	70.29	1.86
1/24/2014	17.67	0.00	25.99	71.38	1.93
1/25/2014	8.92	0.00	25.38	68.39	1.78
1/26/2014	21.63	0.00	28.82	57.11	1.90
1/27/2014	20.88	0.00	28.07	56.30	2.06
1/28/2014	22.71	0.00	27.20	53.92	2.08
1/29/2014	24.08	0.00	28.19	36.04	2.07
1/30/2014	33.46	0.00	28.67	40.92	1.53
1/31/2014	36.71	0.00	28.78	44.58	1.66
2/1/2014	35.46	0.00	29.31	41.25	2.13
2/2/2014	27.42	0.00	28.60	41.67	2.51
2/3/2014	27.04	0.00	28.96	39.17	2.40
2/4/2014	29.63	0.00	29.53	37.38	2.49
2/5/2014	38.38	0.00	30.07	37.75	1.89
2/6/2014	27.50	0.00	29.59	42.21	2.48
2/7/2014	27.79	0.00	29.46	38.33	2.68
2/8/2014	29.63	0.00	27.91	51.38	2.09
2/9/2014	17.75	0.00	28.10	46.17	2.08
2/10/2014	25.75	0.00	29.05	44.42	2.05
2/11/2014	26.67	0.00	28.62	46.63	2.07
2/12/2014	29.25	0.00	28.03	47.67	2.00
2/13/2014	33.67	0.00	28.09	50.54	1.86
2/14/2014	14.50	0.00	25.30	67.54	2.31
2/15/2014	11.54	0.00	22.46	85.00	2.33
2/16/2014	9.79	0.00	22.38	84.73	2.05
2/17/2014	15.58	0.00	24.20	74.19	2.40
2/18/2014	16.63	0.00	25.51	61.86	2.65
2/19/2014	15.63	0.00	25.94	53.09	2.32
2/20/2014	23.25	0.00	26.57	55.50	2.28
2/21/2014	22.58	0.00	27.45	55.04	2.16
2/22/2014	15.83	0.00	23.27	81.33	1.53
2/23/2014	13.42	0.00	24.41	74.55	2.18
2/24/2014	10.67	0.00	25.27	74.26	2.12
2/25/2014	15.33	0.00	24.81	70.71	2.30
2/26/2014	16.88	0.00	27.21	58.39	2.08
2/27/2014	27.54	0.00	25.98	70.08	1.60
2/28/2014	14.33	0.00	25.20	73.00	1.90
3/1/2014	9.17	0.00	23.30	79.41	2.95
3/2/2014	10.38	0.00	25.49	67.95	1.76
3/3/2014	15.33	0.00	26.08	64.48	2.39
3/4/2014	14.92	0.00	25.50	69.00	2.49
3/5/2014	10.71	0.00	22.44	89.67	1.62
3/6/2014	12.96	0.00	24.64	76.89	1.58
3/7/2014	10.00	0.00	23.42	75.48	2.58
3/8/2014	12.79	0.00	24.22	71.52	1.53
3/9/2014	11.46	0.00	25.50	61.65	1.42
3/10/2014	17.92	0.00	27.67	57.00	1.91
3/11/2014	18.33	0.00	25.44	67.88	2.25
3/12/2014	15.08	0.00	22.95	85.38	1.82
3/13/2014	24.17	0.00	23.62	79.41	1.95
3/14/2014	21.75	0.00	26.62	62.37	2.20
3/15/2014	20.08	0.00	28.44	54.68	1.87
3/16/2014	22.50	0.00	27.51	54.88	2.10
3/17/2014	26.71	0.00	27.56	48.58	1.76
3/18/2014	33.46	0.00	26.83	55.43	2.13
3/19/2014	28.96	0.00	26.54	59.54	1.52
3/20/2014	26.92	0.00	25.58	67.00	2.34
3/21/2014	21.79	0.00	24.22	80.14	2.75
3/22/2014	8.88	0.00	23.11	80.79	1.48
3/23/2014	12.96	0.00	21.96	75.11	3.57
3/24/2014	16.08	0.00	22.96	70.14	2.45
3/25/2014	24.04	0.00	24.39	62.41	2.75
3/26/2014	22.13	0.00	24.05	64.32	2.43
3/27/2014	39.79	0.00	25.69	61.10	2.22
3/28/2014	31.83	0.00	25.55	61.21	1.86
3/29/2014	30.83	0.00	25.39	63.92	2.24
3/30/2014	20.50	0.00	23.54	79.75	1.86
3/31/2014	9.50	0.00	25.48	72.05	2.03
4/1/2014	24.00	0.00	26.40	69.26	1.90
4/2/2014	23.88	0.00	26.11	68.57	2.12
4/3/2014	30.71	0.00	26.39	64.86	2.41
4/4/2014	22.75	0.00	26.42	63.14	2.45
4/5/2014	19.71	0.00	26.03	60.18	2.15
4/6/2014	26.13	0.00	26.54	51.33	1.98
4/7/2014	30.70	0.00	27.07	46.39	1.93
4/8/2014	46.33	0.00	27.63	45.29	1.33
4/9/2014	45.04	0.00	26.30	62.92	1.53
4/10/2014	46.58	0.00	25.61	69.58	1.50
4/11/2014	40.33	0.00	25.52	68.38	2.01
4/12/2014	21.71	0.00	25.08	74.50	2.70
4/13/2014	10.33	0.00	24.83	78.37	1.55
4/14/2014	21.83	0.00	22.26	77.30	2.93
4/15/2014	14.88	0.00	20.08	85.71	2.49
4/16/2014	14.71	0.00	22.53	81.29	1.83
4/17/2014	25.58	0.00	22.94	78.05	1.96
4/18/2014	30.46	0.00	23.36	69.25	1.88
4/19/2014	27.79	0.00	26.29	55.78	1.55
4/20/2014	24.54	0.00	25.25	63.38	2.08
4/21/2014	22.33	0.00	25.41	61.78	2.15
4/22/2014	24.50	0.00	22.34	73.55	2.18
4/23/2014	26.58	0.00	22.96	74.00	1.52
4/24/2014	24.38	0.00	21.85	73.57	2.10
4/25/2014	22.33	0.00	21.15	68.83	2.29
4/26/2014	20.08	0.00	20.52	63.48	2.53
4/27/2014	20.88	0.00	19.61	60.87	2.59
4/28/2014	26.42	0.00	21.66	56.25	2.20
4/29/2014	29.46	0.00	20.31	54.75	2.46
4/30/2014	42.83	0.00	20.63	52.92	2.72
5/1/2014	42.71	0.00	21.27	56.29	3.20
5/2/2014	42.25	0.00	22.59	58.92	1.71
5/3/2014	43.25	0.00	23.00	53.13	1.98
5/4/2014	38.63	0.00	22.83	52.25	1.97
5/5/2014	65.17	0.00	23.29	51.33	1.82
5/6/2014	52.54	0.00	24.15	50.17	1.83
5/7/2014	49.63	0.00	24.26	48.75	1.52
5/8/2014	49.71	0.00	23.87	52.58	1.10
5/9/2014	39.96	0.00	22.92	61.21	1.42
5/10/2014	39.88	0.00	19.89	62.63	3.17
5/11/2014	23.83	0.00	20.18	58.67	2.20
5/12/2014	41.17	0.00	20.74	58.17	2.34
5/13/2014	54.42	0.00	21.65	54.54	1.73
5/14/2014	59.21	0.00	22.34	48.96	1.75
5/15/2014	100.25	0.00	21.62	53.50	1.35
5/16/2014	68.21	0.00	22.87	46.48	1.57
5/17/2014	56.17	0.00	22.76	58.67	2.31
5/18/2014	66.54	0.00	22.50	61.54	1.53
5/19/2014	56.00	0.00	22.90	60.96	1.57
5/20/2014	64.83	0.00	22.75	52.46	1.86
5/21/2014	64.67	0.00	23.74	48.00	2.81
5/22/2014	55.92	0.00	23.05	64.58	3.19
5/23/2014	11.88	0.00	20.07	93.17	1.65
5/24/2014	11.04	0.00	20.57	89.90	1.49
5/25/2014	18.33	0.00	20.36	84.55	1.56
5/26/2014	19.79	0.00	18.98	80.08	1.87
5/27/2014	17.21	0.00	14.67	76.46	1.42
5/28/2014	19.96	0.00	17.19	74.25	2.63
5/29/2014	26.21	0.00	17.20	69.86	2.12
5/30/2014	25.96	0.00	18.69	62.80	2.34
5/31/2014	33.79	0.00	20.73	60.17	2.36
6/1/2014	29.58	0.00	18.79	78.45	1.87
6/2/2014	17.83	0.00	18.68	76.50	1.44
6/3/2014	27.21	0.00	15.74	62.79	1.45
6/4/2014	37.79	0.00	19.80	43.26	1.67
6/5/2014	48.08	0.00	23.41	50.96	2.81
6/6/2014	56.17	0.00	24.02	57.71	2.69
6/7/2014	45.96	0.00	25.11	50.50	2.84
6/8/2014	55.75	0.00	24.51	46.54	3.26
6/9/2014	56.13	0.00	23.92	54.29	2.11
6/10/2014	40.13	0.00	21.23	69.54	2.87
6/11/2014	28.17	0.00	21.18	63.00	2.59
6/12/2014	37.17	0.00	21.80	59.96	2.77
6/13/2014	36.46	0.00	22.09	61.67	2.15
6/14/2014	42.63	0.00	22.77	55.33	1.78
6/15/2014	38.08	0.00	23.15	57.67	1.85
6/16/2014	46.33	0.00	22.61	60.50	1.69
6/17/2014	47.00	0.00	22.82	54.54	1.28
6/18/2014	57.21	0.00	22.56	51.21	1.62
6/19/2014	29.75	0.00	19.14	68.79	2.63
6/20/2014	34.67	0.00	17.82	69.63	1.76
6/21/2014	47.71	0.00	17.40	70.00	1.37
6/22/2014	49.29	0.00	19.91	63.67	1.63
6/23/2014	58.83	0.00	20.78	59.92	2.20
6/24/2014	53.58	0.00	21.26	59.38	1.81
6/25/2014	66.79	0.00	22.19	50.17	1.58
6/26/2014	69.50	0.00	23.12	46.88	1.90
6/27/2014	68.08	0.00	23.38	48.54	2.00
6/28/2014	60.13	0.00	23.17	49.50	1.80
6/29/2014	25.29	0.00	17.70	80.92	1.45
6/30/2014	22.25	0.00	16.62	65.54	1.28
7/1/2014	38.33	0.00	19.10	55.29	1.02
7/2/2014	64.04	0.00	23.13	41.00	1.50
7/3/2014	56.21	0.00	24.90	41.58	1.68
7/4/2014	55.46	0.00	24.98	42.25	1.48
7/5/2014	45.42	0.00	23.76	40.88	1.93
7/6/2014	51.17	0.00	22.18	44.42	2.16
7/7/2014	58.33	0.00	22.18	47.17	1.95
7/8/2014	48.21	0.00	20.15	65.29	2.38
7/9/2014	25.13	0.00	19.46	73.00	2.40
7/10/2014	12.00	0.00	18.69	78.75	2.41
7/11/2014	19.25	0.00	17.91	71.04	2.75
7/12/2014	18.21	0.00	18.78	63.88	1.64
7/13/2014	17.08	0.00	20.08	56.63	2.22
7/14/2014	21.46	0.00	20.01	52.71	2.20
7/15/2014	30.29	0.00	20.21	49.58	2.16
7/16/2014	41.75	0.00	21.55	47.63	2.21
7/17/2014	59.38	0.00	22.69	45.42	2.03
7/18/2014	34.29	0.00	20.12	59.71	2.31
7/19/2014	23.08	0.00	17.59	65.42	1.26
7/20/2014	41.46	0.00	17.48	49.79	1.30
7/21/2014	59.54	0.00	19.78	46.75	1.73
7/22/2014	48.17	0.00	22.43	47.38	2.43
7/23/2014	64.08	0.00	22.38	42.17	2.99
7/24/2014	44.75	0.00	18.98	71.75	3.08
7/25/2014	11.88	0.00	13.40	87.63	1.25
7/26/2014	20.92	0.00	15.02	87.58	1.10
7/27/2014	15.67	0.00	17.32	83.54	1.68
7/28/2014	17.83	0.00	19.36	70.62	2.00
7/29/2014	18.04	0.00	20.82	65.00	2.22
7/30/2014	20.58	0.00	20.21	56.92	2.09
7/31/2014	30.92	0.00	21.29	51.75	1.71
8/1/2014	40.17	0.00	22.56	42.63	1.45
8/2/2014	47.50	0.00	23.43	38.54	1.15
8/3/2014	37.83	0.00	24.52	34.33	1.83
8/4/2014	56.25	0.00	24.95	36.92	1.20
8/5/2014	66.71	0.00	20.81	51.63	3.18
8/6/2014	40.50	0.00	20.24	44.13	2.34
8/7/2014	50.42	0.00	22.29	33.04	2.05
8/8/2014	63.33	0.00	22.78	35.29	2.65
8/9/2014	29.88	0.00	20.88	57.63	2.02
8/10/2014	41.92	0.00	21.84	44.00	2.27
8/11/2014	57.71	0.00	23.27	29.71	1.83
8/12/2014	60.79	0.00	24.93	32.04	1.75
8/13/2014	68.21	0.00	21.35	54.88	3.42
8/14/2014	32.71	0.00	16.08	63.75	4.07
8/15/2014	34.42	0.00	21.23	55.00	2.12
8/16/2014	45.96	0.00	22.99	52.25	2.45
8/17/2014	33.58	0.00	22.00	59.79	2.25
8/18/2014	39.50	0.00	22.95	54.04	2.03
8/19/2014	36.21	0.00	22.20	49.96	2.20
8/20/2014	47.83	0.00	22.63	45.13	1.73
8/21/2014	63.21	0.00	24.14	35.96	2.06
8/22/2014	64.58	0.00	25.26	34.54	1.68
8/23/2014	59.92	0.00	25.59	31.08	1.85
8/24/2014	54.33	0.00	25.81	24.54	2.76
8/25/2014	76.54	0.00	26.25	25.04	2.27
8/26/2014	107.58	0.00	24.88	41.88	1.45
8/27/2014	51.42	0.00	21.49	40.75	1.49
8/28/2014	75.92	0.00	22.34	41.63	1.61
8/29/2014	57.75	0.00	22.05	49.50	2.19
8/30/2014	56.46	0.00	23.89	47.29	1.89
8/31/2014	82.17	0.00	25.40	42.63	2.95
9/1/2014	30.17	0.00	20.63	71.00	2.15
9/2/2014	50.54	0.00	25.98	52.83	1.99
9/3/2014	14.04	0.00	22.55	68.13	3.57
9/4/2014	22.46	0.00	19.73	60.67	4.35
9/5/2014	20.42	0.00	20.80	49.25	2.53
9/6/2014	36.00	0.00	22.11	41.92	2.94
9/7/2014	42.88	0.00	23.84	37.21	2.43
9/8/2014	47.21	0.00	25.61	35.89	2.05
9/9/2014	0.00	0.00	0.00	0.00	0.00
9/10/2014	70.93	0.00	29.54	25.00	2.38
9/11/2014	53.33	0.00	27.73	26.96	1.94
9/12/2014	62.96	0.00	27.68	27.63	2.45
9/13/2014	59.08	0.00	25.58	34.96	2.60
9/14/2014	56.71	0.00	27.01	31.25	2.00
9/15/2014	69.88	0.00	26.91	34.83	2.47
9/16/2014	62.50	0.00	25.32	48.83	1.04
9/17/2014	73.79	0.00	24.91	51.21	2.47
9/18/2014	75.00	0.00	26.47	45.54	2.25
9/19/2014	98.63	0.00	24.33	58.96	2.98
9/20/2014	23.50	0.00	19.94	89.63	2.06
9/21/2014	15.29	0.00	22.11	71.17	1.88
9/22/2014	28.92	0.00	20.89	52.71	3.32
9/23/2014	34.83	0.00	24.70	41.63	2.34
9/24/2014	57.17	0.00	25.21	49.25	4.02
9/25/2014	21.21	0.00	21.89	80.04	2.01
9/26/2014	27.04	0.00	22.76	79.04	2.30
9/27/2014	20.04	0.00	22.11	82.38	2.22
9/28/2014	39.25	0.00	24.55	68.25	1.71
9/29/2014	42.17	0.00	27.60	55.46	2.88
9/30/2014	26.46	0.00	24.81	62.42	2.10
10/1/2014	40.13	0.00	26.68	57.79	2.38
10/2/2014	41.54	0.00	22.17	58.08	4.65
10/3/2014	33.67	0.00	19.96	50.00	4.52
10/4/2014	30.50	0.00	19.06	50.50	3.27
10/5/2014	33.04	0.00	20.43	42.29	3.03
10/6/2014	33.83	0.00	22.02	34.88	2.62
10/7/2014	52.33	0.00	22.40	37.54	2.22
10/8/2014	55.25	0.00	24.78	33.21	2.26
10/9/2014	64.33	0.00	26.90	29.21	2.35
10/10/2014	65.96	0.00	28.63	28.13	2.33
10/11/2014	70.63	0.00	29.93	25.08	2.19
10/12/2014	75.08	0.00	30.15	25.08	1.65
10/13/2014	83.13	0.00	31.01	23.88	1.80
10/14/2014	85.29	0.00	32.67	22.42	2.18
10/15/2014	90.21	0.00	30.60	40.83	2.88
10/16/2014	96.71	0.00	30.35	39.96	2.28
10/17/2014	128.29	0.00	31.90	32.54	2.41
10/18/2014	94.79	0.00	30.26	39.96	2.94
10/19/2014	76.65	0.00	29.34	41.87	3.16
10/20/2014	33.29	0.00	23.86	65.54	2.75
10/21/2014	36.71	0.00	22.82	60.92	3.64
10/22/2014	44.04	0.00	23.90	51.88	3.19
10/23/2014	42.04	0.00	25.34	53.83	2.52
10/24/2014	30.58	0.00	24.78	65.21	2.27
10/25/2014	21.46	0.00	20.74	87.58	2.02
10/26/2014	15.42	0.00	22.58	76.42	2.00
10/27/2014	21.58	0.00	24.50	62.88	2.04
10/28/2014	38.96	0.00	24.37	38.33	2.74
10/29/2014	55.95	0.00	25.83	42.79	2.24
10/30/2014	60.75	0.00	28.84	36.88	2.20
10/31/2014	48.50	0.00	27.13	54.96	2.66
11/1/2014	32.42	0.00	27.21	59.21	2.57
11/2/2014	17.17	0.00	24.97	72.25	2.13
11/3/2014	21.17	0.00	24.82	73.88	2.28
11/4/2014	14.79	0.00	22.62	86.71	2.91
11/5/2014	15.04	0.00	24.55	76.21	2.32
11/6/2014	19.33	0.00	25.45	65.79	2.62
11/7/2014	23.63	0.00	26.07	64.50	2.24
11/8/2014	18.29	0.00	23.10	78.21	2.00
11/9/2014	21.58	0.00	25.89	64.46	2.22
11/10/2014	25.96	0.00	25.27	52.42	2.55
11/11/2014	50.29	0.00	26.20	46.04	2.06
11/12/2014	63.75	0.00	24.67	61.96	1.65
11/13/2014	34.54	0.00	25.33	69.38	2.11
11/14/2014	23.96	0.00	23.57	69.83	3.26
11/15/2014	23.00	0.00	22.46	58.13	3.35
11/16/2014	21.58	0.00	22.81	53.50	2.98
11/17/2014	30.08	0.00	23.82	45.29	2.83
11/18/2014	35.54	0.00	23.80	54.83	2.57
11/19/2014	37.21	0.00	26.68	45.43	2.74
11/20/2014	42.21	0.00	26.20	52.63	2.05
11/21/2014	48.33	0.00	25.85	58.17	2.03
11/22/2014	35.38	0.00	24.10	68.63	2.09
11/23/2014	25.25	0.00	23.64	76.04	1.53
11/24/2014	19.75	0.00	24.86	72.96	1.85
11/25/2014	8.92	0.00	23.71	80.96	2.68
11/26/2014	11.21	0.00	22.95	88.39	2.47
11/27/2014	18.92	0.00	23.66	85.95	1.53
11/28/2014	24.75	0.00	24.33	72.79	2.20
11/29/2014	13.58	0.00	23.73	70.45	2.44
11/30/2014	6.83	0.00	21.94	90.06	2.19
12/1/2014	14.08	0.00	22.80	78.11	2.37
12/2/2014	12.00	0.00	21.97	73.13	3.10
12/3/2014	15.96	0.00	24.74	60.78	2.75
12/4/2014	19.50	0.00	25.28	66.54	2.53
12/5/2014	22.79	0.00	23.13	65.71	3.40
12/6/2014	19.88	0.00	23.39	66.71	2.40
12/7/2014	17.79	0.00	24.68	64.67	2.43
12/8/2014	16.71	0.00	23.80	70.50	2.25
12/9/2014	11.71	0.00	23.23	76.08	2.69
12/10/2014	12.29	0.00	22.06	86.20	2.46
12/11/2014	11.83	0.00	22.21	86.20	2.29
12/12/2014	12.33	0.00	22.92	82.67	2.84
12/13/2014	6.08	0.00	20.94	94.46	2.77
12/14/2014	9.38	0.00	23.65	84.61	1.97
12/15/2014	19.75	0.00	22.81	63.00	3.29
12/16/2014	23.67	0.00	24.88	59.91	2.55
12/17/2014	28.46	0.00	26.27	61.29	2.10
12/18/2014	37.21	0.00	28.05	57.42	1.84
12/19/2014	17.79	0.00	26.57	68.04	2.42
12/20/2014	19.25	0.00	25.08	73.29	2.85
12/21/2014	11.29	0.00	23.58	85.26	2.81
12/22/2014	12.50	0.00	24.32	84.75	3.01
12/23/2014	5.96	0.00	21.97	94.42	2.30
12/24/2014	8.00	0.00	23.87	76.00	1.99
12/25/2014	12.63	0.00	24.94	73.48	2.14
12/26/2014	15.88	0.00	28.28	53.95	1.68
12/27/2014	35.79	0.00	29.35	43.63	1.67
12/28/2014	19.25	0.00	29.54	47.29	2.10
12/29/2014	17.88	0.00	28.54	52.38	2.18
12/30/2014	14.71	0.00	25.97	65.25	2.41
12/31/2014	14.45	0.00	25.06	72.76	2.17
1/1/2015	15.83	0.00	27.66	66.25	2.20
1/2/2015	12.25	0.00	29.20	58.54	1.73
1/3/2015	13.58	0.00	28.34	60.08	2.35
1/4/2015	8.08	0.00	25.04	72.79	2.11
1/5/2015	14.38	0.00	24.84	71.71	2.63
1/6/2015	11.29	0.00	24.62	73.67	2.27
1/7/2015	21.00	0.00	25.93	67.00	1.96
1/8/2015	18.38	0.00	26.73	60.67	2.17
1/9/2015	24.83	0.00	28.27	56.71	1.63
1/10/2015	24.13	0.00	29.03	55.54	1.59
1/11/2015	23.33	0.00	28.73	59.58	2.08
1/12/2015	16.63	0.00	28.12	60.46	2.17
1/13/2015	22.58	0.00	29.55	45.79	1.96
1/14/2015	34.67	0.00	27.50	59.04	1.78
1/15/2015	34.63	0.00	28.82	56.67	1.54
1/16/2015	35.08	0.00	29.60	51.67	1.95
1/17/2015	39.04	0.00	30.70	41.13	1.61
1/18/2015	36.13	0.00	31.22	45.00	1.91
1/19/2015	53.38	0.00	31.49	42.88	2.16
1/20/2015	57.79	0.00	29.90	48.17	1.81
1/21/2015	25.46	0.00	27.88	54.83	2.70
1/22/2015	14.83	0.00	23.85	72.92	2.80
1/23/2015	14.25	0.00	23.45	74.46	1.85
1/24/2015	14.63	0.00	25.83	60.67	2.22
1/25/2015	10.33	0.00	25.31	65.08	3.31
1/26/2015	8.08	0.00	23.88	76.92	2.34
1/27/2015	11.67	0.00	24.12	76.17	1.66
1/28/2015	11.92	0.00	26.11	66.75	2.19
1/29/2015	9.63	0.00	25.43	71.33	1.51
1/30/2015	18.08	0.00	26.78	64.17	1.57
1/31/2015	16.88	0.00	26.88	65.83	2.49
2/1/2015	17.08	0.00	27.72	60.17	2.08
2/2/2015	19.63	0.00	26.01	69.00	1.85
2/3/2015	17.33	0.00	25.88	61.88	1.81
2/4/2015	12.96	0.00	23.79	73.33	2.06
2/5/2015	9.21	0.00	22.55	81.00	2.69
2/6/2015	10.46	0.00	22.35	81.46	1.94
2/7/2015	11.54	0.00	24.67	71.12	1.63
2/8/2015	10.21	0.00	24.78	69.50	2.13
2/9/2015	7.75	0.00	23.61	84.17	2.58
2/10/2015	10.83	0.00	23.14	86.72	2.41
2/11/2015	9.50	0.00	24.85	76.27	2.28
2/12/2015	14.17	0.00	26.54	71.88	1.55
2/13/2015	14.58	0.00	25.82	72.57	1.56
2/14/2015	14.63	0.00	27.74	61.33	1.75
2/15/2015	17.50	0.00	24.27	70.88	1.88
2/16/2015	12.13	0.00	23.43	78.75	1.60
2/17/2015	15.79	0.00	24.14	77.77	2.31
2/18/2015	6.08	0.00	22.00	88.70	2.90
2/19/2015	11.25	0.00	23.30	84.04	3.06
2/20/2015	12.33	0.00	24.18	77.21	2.87
2/21/2015	16.92	0.00	27.45	59.82	1.70
2/22/2015	25.00	0.00	28.42	53.05	2.09
2/23/2015	24.92	0.00	27.32	58.50	2.10
2/24/2015	19.50	0.00	27.13	54.63	2.43
2/25/2015	15.74	0.00	25.45	67.05	2.35
2/26/2015	8.92	0.00	25.11	71.79	1.85
2/27/2015	15.42	0.00	24.90	73.96	1.56
2/28/2015	12.25	0.00	24.91	67.33	2.84
3/1/2015	15.38	0.00	24.95	63.67	2.88
3/2/2015	23.04	0.00	25.52	61.71	2.50
3/3/2015	25.83	0.00	26.65	60.17	2.17
3/4/2015	28.71	0.00	26.05	66.58	2.09
3/5/2015	23.58	0.00	25.89	66.63	1.85
3/6/2015	19.25	0.00	24.23	76.75	1.92
3/7/2015	14.96	0.00	23.56	77.25	1.57
3/8/2015	10.88	0.00	22.79	83.96	1.59
3/9/2015	5.63	0.00	21.93	90.67	2.03
3/10/2015	10.88	0.00	22.71	87.14	2.58
3/11/2015	9.38	0.00	23.10	85.09	2.26
3/12/2015	13.63	0.00	22.77	86.96	1.91
3/13/2015	13.96	0.00	22.82	84.79	1.89
3/14/2015	14.17	0.00	22.26	90.33	1.43
3/15/2015	9.08	0.00	21.84	86.86	1.54
3/16/2015	12.00	0.00	22.94	78.65	1.61
3/17/2015	12.67	0.00	22.44	81.25	2.17
3/18/2015	9.92	0.00	21.17	84.58	1.70
3/19/2015	12.54	0.00	20.51	91.13	1.67
3/20/2015	14.17	0.00	21.91	85.17	2.00
3/21/2015	7.25	0.00	21.57	88.70	2.26
3/22/2015	7.50	0.00	21.50	89.42	2.03
3/23/2015	12.67	0.00	22.21	77.32	1.95
3/24/2015	18.00	0.00	23.40	66.45	2.20
3/25/2015	18.04	0.00	24.83	66.59	1.98
3/26/2015	23.63	0.00	27.76	60.17	1.53
3/27/2015	24.50	0.00	25.55	65.25	1.88
3/28/2015	20.38	0.00	26.14	63.79	1.21
3/29/2015	24.13	0.00	26.34	70.21	1.25
3/30/2015	11.75	0.00	22.69	89.33	1.77
3/31/2015	15.50	0.00	24.56	79.95	1.05
4/1/2015	17.33	0.00	25.83	63.95	1.39
4/2/2015	24.88	0.00	24.76	61.38	2.59
4/3/2015	16.50	0.00	24.20	54.92	2.22
4/4/2015	18.71	0.00	23.18	72.04	2.08
4/5/2015	10.25	0.00	22.43	86.13	2.54
4/6/2015	10.79	0.00	23.27	78.61	1.89
4/7/2015	15.04	0.00	20.71	70.00	3.69
4/8/2015	16.42	0.00	22.17	65.32	1.92
4/9/2015	22.63	0.00	23.15	66.00	1.78
4/10/2015	31.08	0.00	23.42	66.25	1.71
4/11/2015	29.75	0.00	23.81	63.17	1.38
4/12/2015	27.08	0.00	24.95	53.46	1.89
4/13/2015	38.13	0.00	24.24	60.88	1.89
4/14/2015	43.17	0.00	24.35	67.92	1.94
4/15/2015	20.17	0.00	22.72	86.50	1.68
4/16/2015	20.75	0.00	24.31	75.71	1.68
4/17/2015	24.88	0.00	24.83	65.96	1.95
4/18/2015	33.33	0.00	25.96	66.38	1.86
4/19/2015	32.13	0.00	25.00	76.00	2.15
4/20/2015	16.42	0.00	25.78	71.25	1.50
4/21/2015	21.54	0.00	26.35	70.58	1.80
4/22/2015	16.46	0.00	23.55	81.46	2.05
4/23/2015	16.54	0.00	25.32	70.00	1.80
4/24/2015	24.63	0.00	24.21	76.13	1.60
4/25/2015	23.38	0.00	23.39	64.95	2.78
4/26/2015	15.92	0.00	23.52	54.81	2.40
4/27/2015	22.58	0.00	22.63	60.42	2.10
4/28/2015	37.21	0.00	23.48	55.33	1.86
4/29/2015	50.67	0.00	21.80	64.21	2.57
4/30/2015	28.29	0.00	20.70	67.00	2.75
5/1/2015	26.58	0.00	20.93	65.33	2.09
5/2/2015	39.29	0.00	22.78	63.21	2.33
5/3/2015	36.67	0.00	23.83	63.50	2.81
5/4/2015	19.25	0.00	20.61	86.21	2.70
5/5/2015	17.00	0.00	22.43	79.25	1.86
5/6/2015	33.17	0.00	21.58	77.13	2.01
5/7/2015	28.13	0.00	20.92	66.10	2.39
5/8/2015	19.50	0.00	19.50	66.75	2.72
5/9/2015	23.04	0.00	21.29	64.50	1.98
5/10/2015	24.96	0.00	21.52	76.25	3.17
5/11/2015	8.33	0.00	18.43	91.91	1.41
5/12/2015	23.35	0.00	18.57	78.86	1.18
5/13/2015	24.29	0.00	19.59	74.12	2.73
5/14/2015	21.79	0.00	20.04	68.74	2.08
5/15/2015	25.29	0.00	19.51	68.88	2.39
5/16/2015	24.13	0.00	19.71	62.58	1.86
5/17/2015	21.42	0.00	20.28	64.50	1.80
5/18/2015	27.46	0.00	20.49	71.42	1.91
5/19/2015	19.67	0.00	20.82	77.46	2.05
5/20/2015	15.88	0.00	19.39	85.36	1.83
5/21/2015	18.83	0.00	21.28	72.90	2.13
5/22/2015	25.58	0.00	22.22	66.73	2.14
5/23/2015	38.46	0.00	21.62	67.57	1.75
5/24/2015	26.88	0.00	22.46	67.38	1.83
5/25/2015	33.13	0.00	23.86	62.50	1.20
5/26/2015	41.96	0.00	24.58	62.88	1.02
5/27/2015	45.13	0.00	24.15	61.13	2.41
5/28/2015	24.00	0.00	18.45	89.42	1.33
5/29/2015	12.92	0.00	18.30	81.55	1.44
5/30/2015	20.21	0.00	18.55	71.30	1.72
5/31/2015	8.71	0.00	17.99	94.27	1.89
6/1/2015	15.38	0.00	19.60	88.71	1.90
6/2/2015	22.13	0.00	19.00	84.88	1.88
6/3/2015	20.50	0.00	19.93	82.05	1.65
6/4/2015	18.50	0.00	21.19	72.55	1.71
6/5/2015	22.83	0.00	21.63	61.37	1.92
6/6/2015	30.38	0.00	23.13	58.50	1.95
6/7/2015	25.17	0.00	22.23	62.75	1.60
6/8/2015	30.33	0.00	23.03	55.88	1.50
6/9/2015	30.33	0.00	22.88	51.63	1.56
6/10/2015	43.75	0.00	22.85	50.21	1.43
6/11/2015	43.42	0.00	23.37	50.04	1.49
6/12/2015	52.21	0.00	23.10	58.54	1.03
6/13/2015	44.54	0.00	23.75	53.71	2.25
6/14/2015	40.71	0.00	23.83	56.13	2.61
6/15/2015	30.96	0.00	19.63	77.38	2.44
6/16/2015	28.04	0.00	19.01	73.33	1.30
6/17/2015	44.87	0.00	23.49	62.04	1.55
6/18/2015	40.58	0.00	23.55	68.17	2.38
6/19/2015	29.54	0.00	18.77	72.21	3.89
6/20/2015	21.63	0.00	18.68	67.46	2.34
6/21/2015	22.63	0.00	20.15	62.38	2.31
6/22/2015	29.63	0.00	21.11	63.21	1.66
6/23/2015	35.96	0.00	21.08	59.83	1.72
6/24/2015	33.71	0.00	18.50	71.92	3.53
6/25/2015	27.29	0.00	18.43	64.75	2.25
6/26/2015	29.08	0.00	18.37	63.63	1.98
6/27/2015	31.04	0.00	17.95	57.88	2.79
6/28/2015	25.71	0.00	18.32	55.83	2.14
6/29/2015	41.71	0.00	19.82	56.33	2.34
6/30/2015	48.96	0.00	20.76	60.79	3.05
7/1/2015	23.25	0.00	17.98	89.96	2.05
7/2/2015	27.25	0.00	19.27	85.52	1.91
7/3/2015	37.17	0.00	20.75	81.58	2.23
7/4/2015	28.13	0.00	20.34	81.00	1.78
7/5/2015	16.92	0.00	15.35	79.56	2.79
7/6/2015	27.08	0.00	20.92	71.07	2.20
7/7/2015	18.25	0.00	17.68	95.84	1.70
7/8/2015	18.54	0.00	16.87	98.54	2.56
7/9/2015	12.46	0.00	17.56	89.92	1.66
7/10/2015	20.54	0.00	20.58	75.52	1.86
7/11/2015	22.23	0.00	20.65	65.55	2.65
7/12/2015	0.00	0.00	0.00	0.00	0.00
7/13/2015	0.00	0.00	0.00	0.00	0.00
7/14/2015	64.40	0.00	25.04	50.67	2.10
7/15/2015	44.54	0.00	24.27	57.39	1.86
7/16/2015	50.13	0.00	22.69	60.58	2.08
7/17/2015	35.92	0.00	21.86	57.71	2.08
7/18/2015	33.46	0.00	21.83	51.58	1.92
7/19/2015	35.21	0.00	21.56	49.83	2.33
7/20/2015	38.54	0.00	22.10	51.13	2.68
7/21/2015	48.25	0.00	20.78	64.83	2.03
7/22/2015	46.54	0.00	18.95	74.67	2.32
7/23/2015	47.88	0.00	20.74	66.08	2.13
7/24/2015	56.25	0.00	22.09	60.54	2.26
7/25/2015	37.50	0.00	20.07	80.92	1.54
7/26/2015	37.00	0.00	20.38	77.29	1.14
7/27/2015	34.04	0.00	20.51	60.04	1.30
7/28/2015	36.54	0.00	21.91	42.08	1.51
7/29/2015	33.46	0.00	22.91	40.50	2.30
7/30/2015	48.13	0.00	22.18	43.50	1.08
7/31/2015	66.50	0.00	22.93	43.25	1.96
8/1/2015	42.71	0.00	23.42	41.54	1.67
8/2/2015	53.21	0.00	22.80	43.58	1.73
8/3/2015	53.17	0.00	23.39	41.83	1.65
8/4/2015	49.00	0.00	24.38	35.50	1.69
8/5/2015	63.48	0.00	23.64	37.38	1.77
8/6/2015	59.17	0.00	23.86	36.92	2.10
8/7/2015	67.42	0.00	24.55	35.42	2.03
8/8/2015	48.17	0.00	24.63	36.50	2.01
8/9/2015	49.88	0.00	23.18	47.38	2.20
8/10/2015	45.17	0.00	23.00	50.63	2.31
8/11/2015	40.92	0.00	22.90	46.67	2.20
8/12/2015	46.87	0.00	21.89	43.79	2.11
8/13/2015	62.67	0.00	22.19	41.46	1.94
8/14/2015	50.17	0.00	22.08	44.96	1.97
8/15/2015	40.83	0.00	23.01	42.13	2.06
8/16/2015	34.50	0.00	24.36	37.67	1.88
8/17/2015	54.04	0.00	23.86	40.46	2.68
8/18/2015	57.78	0.00	23.78	41.46	2.61
8/19/2015	68.50	0.00	23.29	47.25	2.00
8/20/2015	47.67	0.00	19.98	53.79	2.75
8/21/2015	38.33	0.00	19.95	57.42	2.06
8/22/2015	48.04	0.00	21.73	53.54	1.46
8/23/2015	53.33	0.00	24.28	40.79	1.72
8/24/2015	46.88	0.00	22.50	54.54	3.43
8/25/2015	22.00	0.00	18.50	81.38	2.99
8/26/2015	30.38	0.00	23.57	58.21	2.31
8/27/2015	30.75	0.00	18.99	77.42	3.18
8/28/2015	27.75	0.00	19.53	64.04	1.98
8/29/2015	35.58	0.00	21.87	47.50	1.44
8/30/2015	34.83	0.00	25.81	37.71	1.87
8/31/2015	64.75	0.00	26.76	37.88	1.31
9/1/2015	81.13	0.00	26.42	40.88	2.25
9/2/2015	43.25	0.00	23.10	58.29	2.72
9/3/2015	64.17	0.00	24.68	49.67	1.53
9/4/2015	65.54	0.00	25.04	52.00	2.62
9/5/2015	39.67	0.00	20.72	70.00	2.04
9/6/2015	45.29	0.00	22.86	62.63	1.79
9/7/2015	36.71	0.00	21.37	79.21	3.00
9/8/2015	23.50	0.00	19.99	91.92	3.37
9/9/2015	18.17	0.00	19.52	86.08	2.14
9/10/2015	20.25	0.00	19.26	96.92	3.21
9/11/2015	13.00	0.00	19.11	97.11	2.40
9/12/2015	17.88	0.00	18.77	95.92	1.51
9/13/2015	16.42	0.00	18.76	76.91	2.37
9/14/2015	19.79	0.00	20.29	69.77	2.01
9/15/2015	41.33	0.00	27.82	54.24	2.10
9/16/2015	44.54	0.00	28.27	46.25	3.18
9/17/2015	43.63	0.00	29.04	39.21	2.53
9/18/2015	54.42	0.00	29.88	32.46	1.86
9/19/2015	42.17	0.00	30.02	24.04	2.08
9/20/2015	53.21	0.00	28.96	25.75	1.68
9/21/2015	57.04	0.00	28.48	29.04	2.00
9/22/2015	55.00	0.00	29.23	25.17	1.93
9/23/2015	80.29	0.00	29.38	27.58	1.41
9/24/2015	73.38	0.00	30.68	26.46	1.46
9/25/2015	85.83	0.00	28.55	48.04	2.18
9/26/2015	23.13	0.00	22.96	82.71	2.90
9/27/2015	45.08	0.00	26.52	63.79	2.24
9/28/2015	29.00	0.00	21.95	86.88	1.83
9/29/2015	44.75	0.00	23.60	76.04	1.79
9/30/2015	35.29	0.00	24.76	63.67	2.14
10/1/2015	40.71	0.00	25.97	57.75	2.01
10/2/2015	72.33	0.00	28.19	51.08	2.08
10/3/2015	39.83	0.00	24.45	63.04	2.31
10/4/2015	28.63	0.00	23.46	73.42	1.60
10/5/2015	32.92	0.00	23.63	64.71	3.00
10/6/2015	39.58	0.00	24.70	57.42	2.28
10/7/2015	56.38	0.00	28.11	49.71	2.24
10/8/2015	65.96	0.00	29.60	42.17	2.72
10/9/2015	58.92	0.00	28.28	44.67	2.78
10/10/2015	22.00	0.00	21.92	86.71	1.80
10/11/2015	33.58	0.00	25.49	66.25	2.21
10/12/2015	19.00	0.00	24.07	66.13	3.49
10/13/2015	35.58	0.00	25.87	53.38	2.48
10/14/2015	85.54	0.00	29.82	38.96	2.49
10/15/2015	67.83	0.00	30.82	30.71	1.97
10/16/2015	67.88	0.00	32.25	29.92	1.94
10/17/2015	81.96	0.00	29.63	47.29	2.58
10/18/2015	41.04	0.00	24.70	59.25	3.96
10/19/2015	30.20	0.00	27.03	53.22	2.27
10/20/2015	0.00	0.00	31.19	40.38	2.92
10/21/2015	0.00	0.00	30.00	43.92	2.19
10/22/2015	56.63	0.00	27.58	58.67	3.13
10/23/2015	22.75	0.00	23.90	71.42	2.73
10/24/2015	38.38	0.00	25.09	66.29	3.18
10/25/2015	27.04	0.00	24.13	68.96	3.20
10/26/2015	21.96	0.00	23.16	83.71	2.71
10/27/2015	18.79	0.00	25.40	76.00	1.63
10/28/2015	10.83	0.00	23.14	86.71	1.75
10/29/2015	19.17	0.00	24.73	64.33	2.70
10/30/2015	28.00	0.00	25.85	57.33	2.66
10/31/2015	33.33	0.00	24.08	70.17	2.13
11/1/2015	13.50	0.00	22.06	90.04	2.31
11/2/2015	9.13	0.00	23.33	84.33	2.86
11/3/2015	11.92	0.00	23.09	91.33	1.73
11/4/2015	16.71	0.00	26.16	75.50	1.87
11/5/2015	13.29	0.00	26.28	73.71	1.33
11/6/2015	15.42	0.00	26.02	71.95	1.92
11/7/2015	20.50	0.00	23.27	77.16	2.25
11/8/2015	26.58	0.00	26.41	67.00	1.96
11/9/2015	21.96	0.00	25.10	69.21	2.41
11/10/2015	26.58	0.00	28.47	54.65	2.04
11/11/2015	44.88	0.00	26.09	70.75	1.95
11/12/2015	30.46	0.00	27.36	60.21	1.89
11/13/2015	36.33	0.00	28.22	58.46	1.99
11/14/2015	35.00	0.00	25.93	69.33	1.89
11/15/2015	14.04	0.00	24.13	78.04	2.17
11/16/2015	22.21	0.00	26.16	71.38	1.69
11/17/2015	24.21	0.00	24.34	83.73	2.48
11/18/2015	17.38	0.00	25.09	0.00	1.90
11/19/2015	34.00	0.00	28.03	65.00	1.83
11/20/2015	14.92	0.00	22.67	0.00	2.14
11/21/2015	27.04	0.00	24.06	0.00	1.55
11/22/2015	22.25	0.00	26.69	0.00	1.85
11/23/2015	27.96	0.00	24.43	0.00	2.36
11/24/2015	10.33	0.00	20.41	0.00	2.94
11/25/2015	13.42	0.00	20.65	0.00	1.84
11/26/2015	18.88	0.00	24.82	0.00	1.83
11/27/2015	27.75	0.00	26.63	0.00	2.15
11/28/2015	28.75	0.00	27.22	0.00	2.04
11/29/2015	16.13	0.00	24.70	0.00	1.50
11/30/2015	18.25	0.00	24.37	0.00	2.28
12/1/2015	16.00	0.00	24.12	0.00	1.93
12/2/2015	27.54	0.00	25.65	0.00	1.85
12/3/2015	20.75	0.00	23.72	0.00	2.14
12/4/2015	20.54	0.00	25.01	0.00	1.54
12/5/2015	15.17	0.00	24.66	0.00	1.58
12/6/2015	23.38	0.00	23.59	0.00	1.66
12/7/2015	16.75	0.00	23.76	0.00	1.27
12/8/2015	14.79	0.00	25.32	0.00	1.58
12/9/2015	15.83	0.00	25.14	0.00	2.16
12/10/2015	17.88	0.00	22.96	0.00	2.03
12/11/2015	17.17	0.00	25.57	0.00	1.68
12/12/2015	17.50	0.00	25.10	0.00	2.37
12/13/2015	13.92	0.00	24.88	0.00	2.43
12/14/2015	21.88	0.00	27.51	0.00	2.52
12/15/2015	22.83	0.00	26.41	0.00	2.48
12/16/2015	22.96	0.00	24.38	0.00	2.03
12/17/2015	17.29	0.00	27.07	0.00	2.08
12/18/2015	22.29	0.00	29.57	0.00	2.46
12/19/2015	26.50	0.00	26.20	0.00	2.47
12/20/2015	15.96	0.00	25.35	0.00	1.92
12/21/2015	14.14	0.00	25.57	0.00	1.86
12/22/2015	18.79	0.00	26.09	0.00	2.68
12/23/2015	17.04	0.00	27.12	0.00	2.65
12/24/2015	17.04	0.00	27.96	0.00	2.15
12/25/2015	14.00	0.00	26.39	0.00	1.82
12/26/2015	9.67	0.00	24.06	0.00	1.35
12/27/2015	11.67	0.00	23.47	0.00	2.43
12/28/2015	7.92	0.00	22.78	0.00	2.78
12/29/2015	7.38	0.00	21.79	0.00	3.68
12/30/2015	8.71	0.00	22.23	0.00	3.18
12/31/2015	8.38	0.00	24.04	0.00	2.42
1/1/2016	9.83	0.00	23.93	0.00	2.01
1/2/2016	8.17	0.00	25.22	0.00	1.46
1/3/2016	10.04	0.00	23.18	0.00	1.64
1/4/2016	9.46	0.00	24.19	0.00	2.08
1/5/2016	14.13	0.00	26.15	0.00	2.30
1/6/2016	16.50	0.00	25.41	0.00	1.83
1/7/2016	24.83	0.00	27.74	0.00	1.43
1/8/2016	15.04	0.00	28.08	0.00	2.13
1/9/2016	9.38	0.00	24.25	0.00	2.32
1/10/2016	8.13	0.00	23.87	0.00	3.53
1/11/2016	6.42	0.00	22.61	0.00	2.80
1/12/2016	4.33	0.00	22.14	0.00	3.10
1/13/2016	5.42	0.00	23.47	0.00	1.96
1/14/2016	4.58	0.00	23.15	0.00	1.95
1/15/2016	3.92	0.00	22.80	0.00	2.12
1/16/2016	16.75	0.00	23.95	0.00	3.01
1/17/2016	14.79	0.00	23.98	0.00	2.90
1/18/2016	16.42	0.00	24.12	0.00	2.91
1/19/2016	19.21	0.00	23.06	0.00	3.30
1/20/2016	16.83	0.00	23.97	0.00	3.63
1/21/2016	21.54	0.00	24.45	0.00	3.43
1/22/2016	20.00	0.00	24.45	0.00	3.05
1/23/2016	16.50	0.00	24.98	0.00	2.55
1/24/2016	12.13	0.00	25.09	0.00	2.70
1/25/2016	10.04	0.00	25.77	0.00	2.32
1/26/2016	10.92	0.00	26.26	0.00	2.13
1/27/2016	17.54	0.00	24.90	0.00	1.60
1/28/2016	9.08	0.00	25.01	0.00	1.86
1/29/2016	9.21	0.00	24.41	0.00	2.29
1/30/2016	11.50	0.00	25.89	0.00	2.49
1/31/2016	14.04	0.00	28.15	0.00	2.43
2/1/2016	17.04	0.00	29.35	0.00	1.81
2/2/2016	27.71	0.00	29.47	0.00	1.38
2/3/2016	33.63	0.00	27.80	0.00	2.33
2/4/2016	29.83	0.00	26.17	0.00	1.92
2/5/2016	20.92	0.00	26.95	0.00	2.05
2/6/2016	17.42	0.00	25.33	0.00	1.61
2/7/2016	11.54	0.00	26.02	0.00	2.36
2/8/2016	8.42	0.00	25.18	0.00	2.34
2/9/2016	11.58	0.00	27.22	0.00	1.63
2/10/2016	15.83	0.00	28.45	0.00	1.45
2/11/2016	13.33	0.00	26.61	0.00	2.36
2/12/2016	13.00	0.00	25.53	0.00	1.96
2/13/2016	26.13	0.00	27.28	0.00	1.87
2/14/2016	17.54	0.00	28.10	0.00	1.81
2/15/2016	15.38	0.00	27.38	0.00	2.71
2/16/2016	8.08	0.00	23.60	0.00	1.87
2/17/2016	13.96	0.00	26.80	0.00	2.05
2/18/2016	13.21	0.00	24.51	0.00	2.00
2/19/2016	16.29	0.00	25.43	0.00	2.12
2/20/2016	13.54	0.00	26.51	0.00	2.39
2/21/2016	10.33	0.00	23.57	0.00	1.75
2/22/2016	11.63	0.00	23.25	0.00	2.08
2/23/2016	10.75	0.00	23.22	0.00	1.87
2/24/2016	10.67	0.00	23.59	0.00	1.38
2/25/2016	13.08	0.00	24.82	0.00	1.72
2/26/2016	12.71	0.00	25.88	0.00	1.61
2/27/2016	11.71	0.00	25.60	0.00	2.45
2/28/2016	7.29	0.00	25.22	0.00	1.43
2/29/2016	35.67	0.00	23.01	0.00	2.11
3/1/2016	9.75	0.00	22.18	0.00	2.29
3/2/2016	13.83	0.00	24.13	0.00	2.07
3/3/2016	12.58	0.00	23.91	0.00	3.20
3/4/2016	10.96	0.00	24.30	0.00	1.99
3/5/2016	11.92	0.00	22.92	0.00	2.40
3/6/2016	11.13	0.00	25.13	0.00	1.60
3/7/2016	13.17	0.00	26.35	0.00	1.58
3/8/2016	15.46	0.00	25.90	0.00	1.99
3/9/2016	19.71	0.00	27.18	0.00	2.27
3/10/2016	11.46	0.00	23.99	0.00	2.85
3/11/2016	8.04	0.00	24.25	0.00	2.52
3/12/2016	13.00	0.00	25.10	0.00	0.93
3/13/2016	16.83	0.00	24.60	0.00	2.94
3/14/2016	14.96	0.00	25.78	0.00	2.33
3/15/2016	14.38	0.00	23.48	0.00	2.39
3/16/2016	11.79	0.00	23.95	0.00	2.51
3/17/2016	10.92	0.00	24.12	0.00	2.34
3/18/2016	14.88	0.00	25.91	0.00	1.76
3/19/2016	19.33	0.00	27.66	0.00	1.84
3/20/2016	23.46	0.00	26.38	0.00	2.00
3/21/2016	26.46	0.00	26.98	0.00	2.03
3/22/2016	26.58	0.00	26.61	0.00	2.19
3/23/2016	32.25	0.00	25.39	0.00	1.66
3/24/2016	13.33	0.00	23.61	0.00	1.85
3/25/2016	16.75	0.00	23.19	0.00	2.02
3/26/2016	10.08	0.00	24.20	0.00	2.82
3/27/2016	9.54	0.00	25.18	0.00	1.45
3/28/2016	14.67	0.00	26.03	0.00	1.41
3/29/2016	17.63	0.00	26.39	0.00	1.67
3/30/2016	24.75	0.00	27.15	0.00	1.75
3/31/2016	33.88	0.00	27.26	0.00	1.91
4/1/2016	26.04	0.00	26.97	0.00	1.76
4/2/2016	33.04	0.00	27.28	0.00	1.86
4/3/2016	27.04	0.00	28.54	0.00	1.83
4/4/2016	31.46	0.00	27.95	0.00	2.06
4/5/2016	29.50	0.00	26.84	0.00	2.00
4/6/2016	39.38	0.00	26.91	0.00	1.41
4/7/2016	42.42	0.00	28.17	0.00	1.51
4/8/2016	47.46	0.00	28.29	0.00	1.30
4/9/2016	45.17	0.00	28.73	0.00	1.58
4/10/2016	35.25	0.00	28.98	0.00	1.50
4/11/2016	44.38	0.00	28.19	0.00	1.73
4/12/2016	42.71	0.00	28.03	0.00	1.83
4/13/2016	39.79	0.00	27.37	0.00	2.14
4/14/2016	41.00	0.00	28.37	0.00	2.00
4/15/2016	37.71	0.00	28.22	0.00	1.90
4/16/2016	36.54	0.00	27.63	0.00	1.89
4/17/2016	37.54	0.00	27.18	0.00	1.90
4/18/2016	32.96	0.00	27.22	0.00	1.94
4/19/2016	45.17	0.00	26.72	0.00	2.24
4/20/2016	34.63	0.00	27.06	0.00	1.80
4/21/2016	37.38	0.00	27.03	0.00	1.90
4/22/2016	44.17	0.00	27.66	0.00	1.30
4/23/2016	42.13	0.00	26.41	0.00	2.17
4/24/2016	34.67	0.00	26.28	0.00	2.04
4/25/2016	47.04	0.00	29.19	0.00	2.93
4/26/2016	26.00	0.00	22.27	0.00	2.00
4/27/2016	5.71	0.00	16.07	0.00	1.50
4/28/2016	14.25	0.00	17.11	0.00	1.25
4/29/2016	26.88	0.00	16.45	0.00	1.14
4/30/2016	22.25	0.00	18.64	0.00	0.71
5/1/2016	25.00	0.00	18.53	0.00	2.02
5/2/2016	30.21	0.00	19.68	0.00	1.69
5/3/2016	36.71	0.00	21.59	0.00	1.40
5/4/2016	53.88	0.00	23.05	0.00	0.65
5/5/2016	37.42	0.00	23.35	0.00	1.28
5/6/2016	48.46	0.00	23.92	0.00	1.93
5/7/2016	47.25	0.00	24.28	0.00	1.38
5/8/2016	37.71	0.00	24.59	0.00	2.39
5/9/2016	34.79	0.00	24.80	0.00	2.35
5/10/2016	19.75	0.00	20.12	0.00	1.55
5/11/2016	26.54	0.00	21.98	0.00	0.91
5/12/2016	32.38	0.00	22.43	0.00	1.82
5/13/2016	28.54	0.00	20.92	0.00	2.26
5/14/2016	24.83	0.00	21.50	0.00	1.96
5/15/2016	31.58	0.00	23.44	0.00	2.65
5/16/2016	24.50	0.00	22.74	0.00	3.21
5/17/2016	16.42	0.00	21.44	0.00	0.70
5/18/2016	27.13	0.00	20.50	0.00	0.86
5/19/2016	26.46	0.00	22.45	0.00	1.84
5/20/2016	29.33	0.00	26.12	0.00	2.13
5/21/2016	14.63	0.00	21.36	0.00	2.18
5/22/2016	16.92	0.00	23.77	0.00	2.05
5/23/2016	10.79	0.00	17.79	0.00	1.50
5/24/2016	16.88	0.00	16.66	0.00	2.73
5/25/2016	19.63	0.00	19.70	0.00	1.69
5/26/2016	28.17	0.00	22.40	0.00	0.88
5/27/2016	41.08	0.00	23.37	0.00	1.70
5/28/2016	33.92	0.00	22.67	0.00	1.88
5/29/2016	24.63	0.00	18.30	0.00	1.90
5/30/2016	15.63	0.00	16.78	0.00	1.54
5/31/2016	11.71	0.00	19.96	0.00	1.87
6/1/2016	15.50	0.00	22.25	0.00	1.89
6/2/2016	9.33	0.00	20.42	0.00	1.86
6/3/2016	6.83	0.00	19.10	0.00	1.99
6/4/2016	10.00	0.00	21.23	0.00	1.48
6/5/2016	14.29	0.00	23.48	0.00	1.73
6/6/2016	13.46	0.00	22.88	0.00	1.50
6/7/2016	10.33	0.00	18.42	0.00	0.54
6/8/2016	13.33	0.00	17.44	0.00	0.92
6/9/2016	20.33	0.00	16.81	0.00	1.38
6/10/2016	30.88	0.00	16.04	0.00	0.87
6/11/2016	19.17	0.00	15.95	0.00	1.00
6/12/2016	21.50	0.00	13.66	0.00	1.55
6/13/2016	23.92	0.00	14.69	0.00	1.94
6/14/2016	28.38	0.00	18.63	0.00	2.54
6/15/2016	33.83	0.00	21.39	0.00	1.93
6/16/2016	39.46	0.00	22.95	0.00	1.42
6/17/2016	48.96	0.00	20.74	0.00	1.13
6/18/2016	48.25	0.00	21.74	0.00	1.16
6/19/2016	56.92	0.00	20.92	0.00	1.05
6/20/2016	51.33	0.00	21.07	0.00	2.19
6/21/2016	41.04	0.00	18.22	0.00	2.23
6/22/2016	39.96	0.00	20.19	0.00	2.42
6/23/2016	48.96	0.00	21.21	0.00	1.27
6/24/2016	49.83	0.00	21.56	0.00	1.80
6/25/2016	37.04	0.00	21.00	0.00	2.02
6/26/2016	34.67	0.00	20.22	0.00	2.60
6/27/2016	26.46	0.00	20.05	0.00	2.25
6/28/2016	28.96	0.00	20.05	0.00	1.88
6/29/2016	38.25	0.00	21.73	0.00	2.20
6/30/2016	27.67	0.00	22.05	0.00	1.94
7/1/2016	49.46	0.00	22.65	0.00	2.17
7/2/2016	28.46	0.00	22.70	0.00	2.11
7/3/2016	27.29	0.00	23.04	0.00	1.98
7/4/2016	35.88	0.00	22.80	0.00	2.05
7/5/2016	40.96	0.00	22.93	0.00	2.30
7/6/2016	55.42	0.00	22.94	0.00	3.08
7/7/2016	40.50	0.00	19.27	0.00	0.79
7/8/2016	41.38	0.00	18.73	0.00	1.31
7/9/2016	49.13	0.00	21.41	0.00	2.00
7/10/2016	47.17	0.00	24.70	0.00	1.97
7/11/2016	52.63	0.00	25.60	0.00	2.21
7/12/2016	64.38	0.00	25.75	0.00	2.23
7/13/2016	59.96	0.00	26.46	0.00	1.94
7/14/2016	53.79	0.00	25.71	0.00	2.38
7/15/2016	67.58	0.00	25.80	0.00	2.14
7/16/2016	60.21	0.00	21.52	0.00	2.10
7/17/2016	11.50	0.00	15.04	0.00	0.70
7/18/2016	25.88	0.00	16.00	0.00	1.27
7/19/2016	37.92	0.00	16.98	0.00	1.53
7/20/2016	48.04	0.00	19.03	0.00	1.17
7/21/2016	42.17	0.00	19.01	0.00	1.17
7/22/2016	36.04	0.00	18.55	0.00	1.87
7/23/2016	54.78	0.00	21.03	0.00	1.88
7/24/2016	50.71	0.00	23.89	0.00	2.07
7/25/2016	44.00	0.00	23.93	0.00	1.96
7/26/2016	40.38	0.00	23.94	0.00	2.31
7/27/2016	51.46	0.00	24.82	0.00	1.85
7/28/2016	54.08	0.00	22.37	0.00	2.19
7/29/2016	54.83	0.00	21.70	0.00	1.85
7/30/2016	51.42	0.00	21.51	0.00	1.86
7/31/2016	38.21	0.00	22.38	0.00	2.37
8/1/2016	59.04	0.00	22.73	0.00	1.85
8/2/2016	60.58	0.00	23.74	0.00	1.65
8/3/2016	50.83	0.00	21.77	0.00	2.00
8/4/2016	55.88	0.00	22.61	0.00	1.75
8/5/2016	55.79	0.00	24.61	0.00	2.55
8/6/2016	46.25	0.00	25.61	0.00	2.42
8/7/2016	53.67	0.00	26.27	0.00	2.30
8/8/2016	93.25	0.00	25.15	0.00	1.48
8/9/2016	61.50	0.00	23.95	0.00	1.85
8/10/2016	28.71	0.00	18.48	0.00	2.13
8/11/2016	34.88	0.00	16.02	0.00	2.95
8/12/2016	34.08	0.00	17.86	0.00	2.29
8/13/2016	49.58	0.00	20.99	0.00	1.47
8/14/2016	65.63	0.00	26.02	0.00	1.35
8/15/2016	76.83	0.00	24.66	0.00	3.15
8/16/2016	24.38	0.00	20.87	0.00	2.57
8/17/2016	45.21	0.00	24.84	0.00	2.15
8/18/2016	54.13	0.00	26.43	0.00	2.29
8/19/2016	55.42	0.00	25.74	0.00	3.15
8/20/2016	35.96	0.00	22.49	0.00	2.44
8/21/2016	7.67	0.00	17.60	0.00	2.34
8/22/2016	11.71	0.00	14.10	0.00	3.21
8/23/2016	21.38	0.00	18.54	0.00	2.06
8/24/2016	32.71	0.00	21.63	0.00	1.99
8/25/2016	33.79	0.00	24.17	0.00	2.19
8/26/2016	39.50	0.00	24.50	0.00	1.86
8/27/2016	48.21	0.00	25.06	0.00	2.07
8/28/2016	48.71	0.00	26.36	0.00	2.45
8/29/2016	56.25	0.00	27.00	0.00	2.35
8/30/2016	46.54	0.00	23.80	0.00	1.63
8/31/2016	18.25	0.00	17.85	0.00	1.43
9/1/2016	25.96	0.00	20.83	0.00	1.75
9/2/2016	31.54	0.00	23.55	0.00	2.33
9/3/2016	26.95	0.00	23.72	0.00	2.32
9/4/2016	0.00	0.00	21.17	0.00	1.14
9/5/2016	0.00	0.00	24.25	0.00	1.65
9/6/2016	0.00	0.00	19.92	0.00	1.57
9/7/2016	0.00	0.00	19.00	0.00	0.52
9/8/2016	0.00	0.00	20.69	0.00	0.99
9/9/2016	0.00	0.00	22.60	0.00	1.91
9/10/2016	0.00	0.00	24.61	0.00	2.03
9/11/2016	0.00	0.00	26.66	0.00	1.67
9/12/2016	0.00	0.00	28.29	0.00	2.71
9/13/2016	0.00	0.00	28.74	0.00	3.08
9/14/2016	26.00	0.00	25.81	0.00	1.55
9/15/2016	43.17	0.00	24.08	0.00	0.76
9/16/2016	64.71	0.00	23.68	0.00	2.40
9/17/2016	69.08	0.00	27.06	0.00	1.95
9/18/2016	77.17	0.00	28.84	0.00	2.25
9/19/2016	42.71	0.00	25.90	0.00	2.26
9/20/2016	33.04	0.00	21.66	0.00	2.75
9/21/2016	36.88	0.00	18.31	0.00	4.05
9/22/2016	40.25	0.00	21.79	0.00	2.26
9/23/2016	61.00	0.00	25.19	0.00	1.81
9/24/2016	53.79	0.00	24.77	0.00	1.95
9/25/2016	46.38	0.00	21.19	0.00	3.18
9/26/2016	27.29	0.00	21.23	0.00	2.79
9/27/2016	41.96	0.00	22.20	0.00	2.44
9/28/2016	76.88	0.00	24.43	0.00	2.19
9/29/2016	67.63	0.00	25.91	0.00	1.45
9/30/2016	52.79	0.00	23.28	0.00	3.09
10/1/2016	45.08	0.00	22.39	0.00	3.43
10/2/2016	30.25	0.00	23.50	0.00	2.82
10/3/2016	33.25	0.00	21.68	0.00	3.19
10/4/2016	19.67	0.00	21.79	0.00	1.81
10/5/2016	20.25	0.00	23.08	0.00	2.28
10/6/2016	43.29	0.00	22.01	0.00	1.52
10/7/2016	25.63	0.00	20.63	0.00	1.60
10/8/2016	36.67	0.00	24.09	0.00	1.62
10/9/2016	44.13	0.00	26.73	0.00	2.19
10/10/2016	42.96	0.00	25.03	0.00	2.84
10/11/2016	39.63	0.00	23.32	0.00	2.74
10/12/2016	19.46	0.00	25.90	0.00	2.85
10/13/2016	25.13	0.00	23.90	0.00	2.85
10/14/2016	12.71	0.00	22.42	0.00	2.77
10/15/2016	19.92	0.00	26.83	0.00	1.95
10/16/2016	24.57	0.00	28.58	0.00	2.40
10/17/2016	34.83	0.00	31.13	0.00	2.20
10/18/2016	29.25	0.00	29.10	0.00	2.65
10/19/2016	41.54	0.00	31.02	0.00	1.68
10/20/2016	55.63	0.00	27.95	0.00	2.40
10/21/2016	22.04	0.00	25.50	0.00	3.08
10/22/2016	17.75	0.00	23.60	0.00	2.56
10/23/2016	18.46	0.00	25.41	0.00	1.91
10/24/2016	21.83	0.00	25.80	0.00	2.41
10/25/2016	13.63	0.00	22.65	0.00	2.65
10/26/2016	24.75	0.00	25.71	0.00	2.05
10/27/2016	14.08	0.00	23.78	0.00	1.63
10/28/2016	14.33	0.00	22.20	0.00	1.05
10/29/2016	29.67	0.00	21.00	0.00	3.52
10/30/2016	23.83	0.00	23.70	0.00	2.44
10/31/2016	25.58	0.00	25.86	0.00	2.38
11/1/2016	21.08	0.00	24.11	0.00	2.48
11/2/2016	29.33	0.00	25.69	0.00	3.00
11/3/2016	21.63	0.00	23.48	0.00	1.68
11/4/2016	23.67	0.00	23.47	0.00	2.10
11/5/2016	15.29	0.00	23.47	0.00	2.47
11/6/2016	11.21	0.00	23.84	0.00	2.82
11/7/2016	16.92	0.00	25.81	0.00	1.98
11/8/2016	22.83	0.00	26.61	0.00	2.22
11/9/2016	27.58	0.00	26.86	0.00	3.40
11/10/2016	19.04	0.00	26.93	0.00	2.35
11/11/2016	25.38	0.00	28.16	0.00	2.21
11/12/2016	20.33	0.00	24.21	0.00	3.06
11/13/2016	9.25	0.00	19.93	0.00	2.60
11/14/2016	5.29	0.00	20.55	0.00	2.96
11/15/2016	13.38	0.00	24.20	0.00	1.17
11/16/2016	17.13	0.00	26.73	0.00	1.90
11/17/2016	30.96	0.00	26.03	0.00	2.26
11/18/2016	19.21	0.00	23.40	0.00	2.67
11/19/2016	23.42	0.00	19.35	0.00	3.71
11/20/2016	21.38	0.00	22.39	0.00	2.31
11/21/2016	28.67	0.00	25.33	0.00	2.59
11/22/2016	24.54	0.00	25.92	0.00	2.09
11/23/2016	17.71	0.00	25.15	0.00	2.26
11/24/2016	21.21	0.00	27.00	0.00	1.85
11/25/2016	32.38	0.00	27.01	0.00	2.11
11/26/2016	33.13	0.00	26.30	0.00	1.84
11/27/2016	23.75	0.00	27.67	0.00	1.92
11/28/2016	15.75	0.00	26.61	0.00	1.77
11/29/2016	16.00	0.00	26.40	0.00	1.55
11/30/2016	22.58	0.00	22.42	0.00	3.95
12/1/2016	20.96	0.00	23.78	0.00	2.47
12/2/2016	20.04	0.00	26.28	0.00	2.15
12/3/2016	15.54	0.00	24.90	0.00	2.68
12/4/2016	9.46	0.00	23.65	0.00	1.61
12/5/2016	18.50	0.00	26.83	0.00	1.23
12/6/2016	18.25	0.00	27.95	0.00	1.45
12/7/2016	22.00	0.00	27.58	0.00	2.28
12/8/2016	14.79	0.00	26.13	0.00	2.40
12/9/2016	19.46	0.00	24.13	0.00	2.16
12/10/2016	10.63	0.00	24.59	0.00	1.90
12/11/2016	9.88	0.00	24.54	0.00	1.57
12/12/2016	12.17	0.00	26.06	0.00	1.91
12/13/2016	13.58	0.00	27.33	0.00	1.73
12/14/2016	10.00	0.00	25.22	0.00	2.01
12/15/2016	19.13	0.00	22.96	0.00	3.89
12/16/2016	10.63	0.00	23.17	0.00	2.43
12/17/2016	11.21	0.00	25.23	0.00	2.43
12/18/2016	12.17	0.00	26.63	0.00	2.38
12/19/2016	13.96	0.00	23.93	0.00	2.68
12/20/2016	9.21	0.00	23.64	0.00	2.54
12/21/2016	13.29	0.00	24.55	0.00	1.83
12/22/2016	11.71	0.00	25.13	0.00	1.86
12/23/2016	15.46	0.00	27.20	0.00	2.37
12/24/2016	9.17	0.00	27.64	0.00	2.37
12/25/2016	15.00	0.00	28.74	0.00	2.35
12/26/2016	8.96	0.00	28.28	0.00	1.80
12/27/2016	14.71	0.00	29.48	0.00	2.10
12/28/2016	18.63	0.00	28.25	0.00	2.37
12/29/2016	14.83	0.00	27.75	0.00	2.44
12/30/2016	12.08	0.00	27.15	0.00	1.98
12/31/2016	17.79	0.00	27.18	0.00	1.45
1/1/2017	16.67	0.00	28.35	0.00	0.98
1/2/2017	9.96	0.00	28.03	0.00	1.34
1/3/2017	22.42	0.00	27.64	0.00	1.64
1/4/2017	16.54	0.00	26.08	0.00	3.11
1/5/2017	19.88	0.00	25.41	0.00	1.40
1/6/2017	11.88	0.00	27.70	0.00	1.87
1/7/2017	16.54	0.00	28.06	0.00	1.89
1/8/2017	14.25	0.00	28.07	0.00	1.91
1/9/2017	13.63	0.00	27.05	0.00	2.40
1/10/2017	7.30	0.00	25.30	0.00	1.23
1/11/2017	6.54	0.00	24.68	0.00	1.28
1/12/2017	11.46	0.00	23.99	0.00	1.86
1/13/2017	10.42	0.00	23.53	0.00	2.06
1/14/2017	11.42	0.00	26.02	0.00	1.83
1/15/2017	9.67	0.00	25.44	0.00	2.58
1/16/2017	10.13	0.00	24.65	0.00	3.07
1/17/2017	8.04	0.00	23.16	0.00	2.93
1/18/2017	7.42	0.00	22.36	0.00	2.20
1/19/2017	8.79	0.00	22.76	0.00	1.50
1/20/2017	8.88	0.00	23.79	0.00	1.45
1/21/2017	11.17	0.00	23.35	0.00	1.08
1/22/2017	9.79	0.00	23.32	0.00	1.56
1/23/2017	11.92	0.00	24.24	0.00	2.24
1/24/2017	10.58	0.00	25.56	0.00	2.19
1/25/2017	9.46	0.00	25.79	0.00	2.07
1/26/2017	10.46	0.00	23.80	0.00	1.10
1/27/2017	11.71	0.00	23.70	0.00	1.20
1/28/2017	17.00	0.00	26.25	0.00	2.07
1/29/2017	15.29	0.00	27.49	0.00	1.95
1/30/2017	18.42	0.00	28.35	0.00	2.45
1/31/2017	16.29	0.00	24.12	0.00	2.47
2/1/2017	14.38	0.00	24.55	0.00	1.70
2/2/2017	9.00	0.00	23.28	0.00	2.30
2/3/2017	7.58	0.00	24.17	0.00	2.57
2/4/2017	10.42	0.00	27.03	0.00	1.90
2/5/2017	12.00	0.00	25.77	0.00	2.13
2/6/2017	12.83	0.00	26.15	0.00	1.88
2/7/2017	19.61	0.00	27.76	0.00	1.57
2/8/2017	19.42	0.00	27.53	0.00	2.55
2/9/2017	23.17	0.00	26.66	0.00	2.43
2/10/2017	21.88	0.00	27.07	0.00	2.37
2/11/2017	13.21	0.00	28.03	0.00	2.73
2/12/2017	10.17	0.00	27.92	0.00	3.04
2/13/2017	16.00	0.00	28.35	0.00	2.85
2/14/2017	18.88	0.00	27.66	0.00	2.70
2/15/2017	19.83	0.00	28.70	0.00	2.02
2/16/2017	26.29	0.00	29.42	0.00	1.77
2/17/2017	27.00	0.00	27.30	0.00	1.47
2/18/2017	25.96	0.00	26.39	0.00	1.80
2/19/2017	19.92	0.00	28.03	0.00	1.47
2/20/2017	26.42	0.00	28.97	42.62	2.01
2/21/2017	25.00	0.00	27.92	50.96	2.41
2/22/2017	24.63	0.00	27.53	50.13	2.05
2/23/2017	25.83	0.00	27.96	48.17	2.08
2/24/2017	21.42	0.00	24.98	66.42	1.45
2/25/2017	9.21	0.00	22.04	79.58	2.68
2/26/2017	7.71	0.00	23.12	77.54	2.27
2/27/2017	8.58	0.00	25.22	68.54	1.98
2/28/2017	9.79	0.00	25.70	69.21	2.54
3/1/2017	13.88	0.00	25.19	71.88	3.10
3/2/2017	10.42	0.00	23.63	82.58	2.03
3/3/2017	11.71	0.00	24.25	78.00	1.96
3/4/2017	11.96	0.00	24.98	76.58	1.56
3/5/2017	8.04	0.00	24.18	82.54	2.12
3/6/2017	8.92	0.00	23.86	82.79	1.87
3/7/2017	11.92	0.00	25.80	70.29	1.97
3/8/2017	16.67	0.00	26.57	67.50	2.10
3/9/2017	16.46	0.00	26.70	67.25	2.21
3/10/2017	23.50	0.00	27.70	60.83	1.96
3/11/2017	19.79	0.00	26.83	62.46	1.96
3/12/2017	21.79	0.00	27.73	56.71	1.89
3/13/2017	20.71	0.00	26.03	64.88	2.04
3/14/2017	25.54	0.00	25.63	65.96	2.78
3/15/2017	13.29	0.00	24.88	64.58	2.22
3/16/2017	19.42	0.00	26.35	55.75	2.19
3/17/2017	21.21	0.00	26.86	56.50	2.35
3/18/2017	15.25	0.00	22.93	77.38	2.62
3/19/2017	8.46	0.00	22.25	79.54	2.17
3/20/2017	12.63	0.00	23.03	67.63	2.89
3/21/2017	17.25	0.00	23.04	59.04	2.51
3/22/2017	20.50	0.00	24.13	57.75	2.00
3/23/2017	23.67	0.00	24.60	55.50	1.90
3/24/2017	31.29	0.00	26.07	49.50	1.53
3/25/2017	31.13	0.00	26.93	50.67	1.64
3/26/2017	21.46	0.00	25.60	56.00	2.31
3/27/2017	28.29	0.00	22.71	65.33	2.17
3/28/2017	24.96	0.00	23.74	63.50	2.63
3/29/2017	19.75	0.00	22.82	54.75	2.86
3/30/2017	22.54	0.00	22.69	56.58	2.25
3/31/2017	21.79	0.00	21.35	54.13	2.85
4/1/2017	18.33	0.00	22.69	51.54	2.22
4/2/2017	29.29	0.00	23.67	55.04	1.80
4/3/2017	34.83	0.00	25.54	46.25	1.86
4/4/2017	48.54	0.00	26.76	46.38	2.32
4/5/2017	16.25	0.00	23.10	85.92	2.31
4/6/2017	11.58	0.00	24.20	83.58	1.58
4/7/2017	12.13	0.00	24.84	75.13	1.84
4/8/2017	15.25	0.00	25.36	68.75	1.97
4/9/2017	23.04	0.00	25.84	66.63	1.79
4/10/2017	27.54	0.00	26.42	64.71	1.34
4/11/2017	25.88	0.00	24.52	69.38	2.73
4/12/2017	21.42	0.00	23.03	66.79	3.02
4/13/2017	20.88	0.00	24.20	65.88	2.10
4/14/2017	23.58	0.00	25.53	59.08	1.60
4/15/2017	29.46	0.00	25.78	54.83	1.62
4/16/2017	26.00	0.00	22.65	72.75	2.07
4/17/2017	26.13	0.00	22.36	65.83	2.72
4/18/2017	35.96	0.00	22.74	63.17	1.91
4/19/2017	36.33	0.00	24.08	61.58	2.63
4/20/2017	9.88	0.00	21.16	87.29	2.12
4/21/2017	10.29	0.00	20.31	74.88	1.24
4/22/2017	10.58	0.00	21.09	69.54	2.65
4/23/2017	19.71	0.00	22.55	67.67	1.98
4/24/2017	25.13	0.00	24.90	64.46	2.70
4/25/2017	23.17	0.00	20.69	86.29	2.60
4/26/2017	10.50	0.00	19.92	86.25	0.94
4/27/2017	20.79	0.00	19.30	80.08	2.77
4/28/2017	17.71	0.00	20.49	75.25	2.29
4/29/2017	13.46	0.00	20.88	72.42	1.87
4/30/2017	15.29	0.00	21.56	65.46	1.88
5/1/2017	26.58	0.00	21.45	66.71	1.98
5/2/2017	22.58	0.00	23.19	58.29	1.76
5/3/2017	32.67	0.00	22.98	65.21	2.27
5/4/2017	23.92	0.00	21.00	76.04	2.04
5/5/2017	14.00	0.00	20.39	72.75	1.53
5/6/2017	14.25	0.00	21.00	68.75	1.86
5/7/2017	21.00	0.00	20.81	62.21	1.15
5/8/2017	36.25	0.00	21.23	55.00	0.64
5/9/2017	30.96	0.00	22.17	60.71	2.00
5/10/2017	26.58	0.00	21.54	63.88	2.53
5/11/2017	30.46	0.00	21.52	64.63	1.82
5/12/2017	38.04	0.00	23.70	56.50	2.50
5/13/2017	28.13	0.00	21.53	75.38	2.33
5/14/2017	18.50	0.00	22.84	72.79	0.96
5/15/2017	37.67	0.00	21.65	65.00	2.07
5/16/2017	37.58	0.00	21.90	66.29	1.83
5/17/2017	26.38	0.00	19.39	84.42	2.46
5/18/2017	10.17	0.00	19.08	92.29	3.10
5/19/2017	9.92	0.00	20.38	80.46	1.70
5/20/2017	10.21	0.00	20.98	86.38	1.48
5/21/2017	12.42	0.00	20.95	85.38	1.82
5/22/2017	17.13	0.00	20.41	75.92	1.65
5/23/2017	28.21	0.00	22.43	69.88	1.62
5/24/2017	30.71	0.00	23.55	67.13	1.83
5/25/2017	36.75	0.00	23.92	63.13	1.24
5/26/2017	35.17	0.00	24.10	65.50	1.54
5/27/2017	29.79	0.00	22.53	66.00	1.82
5/28/2017	37.58	0.00	22.33	63.08	1.41
5/29/2017	32.88	0.00	22.18	61.67	1.49
5/30/2017	48.71	0.00	21.85	61.38	1.88
5/31/2017	24.29	0.00	18.50	78.13	1.24
6/1/2017	21.79	0.00	16.70	68.00	0.76
6/2/2017	33.25	0.00	19.83	60.38	1.47
6/3/2017	43.58	0.00	24.12	57.79	2.33
6/4/2017	40.00	0.00	23.05	68.96	2.51
6/5/2017	49.25	0.00	24.53	61.50	2.09
6/6/2017	44.88	0.00	24.68	56.79	1.72
6/7/2017	48.25	0.00	24.19	54.04	3.35
6/8/2017	25.17	0.00	18.63	74.46	1.26
6/9/2017	19.58	0.00	14.27	65.75	0.72
6/10/2017	37.71	0.00	17.14	48.38	0.96
6/11/2017	33.75	0.00	17.94	66.88	1.71
6/12/2017	30.33	0.00	18.43	81.46	2.00
6/13/2017	19.58	0.00	19.42	75.04	1.82
6/14/2017	13.73	0.00	19.05	65.86	1.97
6/15/2017	28.42	0.00	19.88	58.96	1.98
6/16/2017	27.29	0.00	21.35	50.83	1.89
6/17/2017	34.96	0.00	21.22	52.58	1.78
6/18/2017	33.50	0.00	22.80	45.58	1.88
6/19/2017	36.29	0.00	19.48	68.38	2.73
6/20/2017	28.46	0.00	19.48	65.75	2.10
6/21/2017	33.46	0.00	20.35	60.21	2.45
6/22/2017	23.67	0.00	20.40	55.92	2.45
6/23/2017	19.92	0.00	19.91	57.75	2.16
6/24/2017	22.71	0.00	19.44	55.88	2.20
6/25/2017	29.75	0.00	19.29	57.71	2.28
6/26/2017	30.67	0.00	19.48	57.21	2.43
6/27/2017	47.71	0.00	20.63	56.33	1.74
6/28/2017	28.79	0.00	21.13	54.79	1.90
6/29/2017	41.83	0.00	20.71	58.75	1.95
6/30/2017	30.25	0.00	16.58	64.33	3.46
7/1/2017	20.08	0.00	15.88	58.25	2.43
7/2/2017	36.63	0.00	15.33	52.92	2.77
7/3/2017	26.18	0.00	16.12	54.82	2.81
7/4/2017	21.23	0.00	19.95	45.85	2.09
7/5/2017	0.00	0.00	0.00	0.00	0.00
7/6/2017	0.00	0.00	0.00	0.00	0.00
7/7/2017	0.00	0.00	0.00	0.00	0.00
7/8/2017	35.62	0.00	22.53	44.54	1.60
7/9/2017	40.13	0.00	21.00	50.75	1.63
7/10/2017	39.96	0.00	21.51	48.46	1.88
7/11/2017	36.00	0.00	20.94	50.29	2.23
7/12/2017	41.08	0.00	20.42	51.38	2.28
7/13/2017	37.71	0.00	20.65	50.04	2.81
7/14/2017	40.92	0.00	21.21	42.46	2.64
7/15/2017	59.42	0.00	21.67	40.92	2.23
7/16/2017	40.92	0.00	12.17	83.46	0.82
7/17/2017	34.00	0.00	15.24	65.75	2.40
7/18/2017	44.63	0.00	19.22	56.75	1.86
7/19/2017	47.92	0.00	21.43	48.63	1.67
7/20/2017	36.38	0.00	21.25	38.75	1.40
7/21/2017	47.54	0.00	21.62	39.04	2.39
7/22/2017	42.75	0.00	20.29	43.00	2.05
7/23/2017	41.71	0.00	21.20	46.50	1.95
7/24/2017	43.46	0.00	20.78	45.54	1.66
7/25/2017	48.17	0.00	20.33	46.21	2.02
7/26/2017	42.13	0.00	19.96	45.04	2.29
7/27/2017	41.00	0.00	20.12	49.71	2.55
7/28/2017	24.08	0.00	19.89	53.58	2.46
7/29/2017	39.13	0.00	19.44	45.42	2.00
7/30/2017	50.71	0.00	19.86	42.75	1.98
7/31/2017	68.58	0.00	21.05	39.00	2.60
8/1/2017	70.42	0.00	18.58	54.42	1.61
8/2/2017	28.88	0.00	16.78	63.63	2.21
8/3/2017	26.33	0.00	17.28	61.25	3.39
8/4/2017	28.54	0.00	18.16	53.63	1.85
8/5/2017	54.42	0.00	21.20	45.96	2.46
8/6/2017	62.67	0.00	23.69	41.67	1.97
8/7/2017	76.29	0.00	25.74	34.17	1.96
8/8/2017	69.58	0.00	25.45	40.79	1.40
8/9/2017	49.58	0.00	22.78	46.04	2.29
8/10/2017	67.92	0.00	25.00	39.21	2.39
8/11/2017	72.83	0.00	25.63	38.75	2.86
8/12/2017	58.21	0.00	22.90	62.08	0.77
8/13/2017	50.29	0.00	19.41	67.00	2.60
8/14/2017	29.06	0.00	18.76	76.26	2.05
8/15/2017	20.83	0.00	17.41	87.54	1.96
8/16/2017	19.50	0.00	18.02	87.25	1.69
8/17/2017	22.54	0.00	20.65	74.13	2.70
8/18/2017	37.54	0.00	21.09	70.54	2.71
8/19/2017	23.40	0.00	16.19	77.60	3.73
8/20/2017	18.29	0.00	19.11	61.88	2.37
8/21/2017	29.57	0.00	22.10	55.08	2.76
8/22/2017	40.13	0.00	23.08	44.13	2.45
8/23/2017	41.54	0.00	22.33	44.75	2.16
8/24/2017	49.92	0.00	23.38	38.71	1.79
8/25/2017	51.83	0.00	24.58	34.08	1.64
8/26/2017	60.17	0.00	24.59	32.67	1.82
8/27/2017	74.38	0.00	24.66	33.38	1.49
8/28/2017	73.21	0.00	26.35	28.67	1.48
8/29/2017	76.83	0.00	24.70	42.63	3.38
8/30/2017	47.25	0.00	22.54	54.63	2.57
8/31/2017	44.67	0.00	23.29	47.00	2.40
9/1/2017	42.46	0.00	22.73	36.75	2.80
9/2/2017	59.67	0.00	22.65	33.63	2.15
9/3/2017	66.21	0.00	24.10	29.67	2.21
9/4/2017	66.00	0.00	25.29	26.29	1.92
9/5/2017	57.42	0.00	24.83	31.13	1.78
9/6/2017	60.67	0.00	26.14	26.79	1.87
9/7/2017	58.92	0.00	26.10	26.79	2.32
9/8/2017	60.00	0.00	25.79	30.08	2.52
9/9/2017	56.88	0.00	26.96	32.54	2.01
9/10/2017	53.58	0.00	27.18	30.83	2.26
9/11/2017	61.96	0.00	26.52	29.33	2.49
9/12/2017	90.71	0.00	26.91	29.29	2.75
9/13/2017	53.58	0.00	27.84	24.42	2.18
9/14/2017	80.83	0.00	27.14	23.75	1.93
9/15/2017	66.38	0.00	26.81	24.58	1.70
9/16/2017	74.75	0.00	26.84	30.92	1.76
9/17/2017	73.88	0.00	26.98	33.42	2.54
9/18/2017	63.75	0.00	26.80	32.42	2.44
9/19/2017	52.54	0.00	26.16	31.92	2.35
9/20/2017	50.88	0.00	25.98	31.13	2.38
9/21/2017	65.67	0.00	26.61	31.33	2.38
9/22/2017	61.96	0.00	24.80	47.92	3.02
9/23/2017	58.79	0.00	24.62	43.25	2.50
9/24/2017	62.71	0.00	24.88	37.25	2.30
9/25/2017	74.43	0.00	26.40	34.61	2.08
9/26/2017	64.75	0.00	26.32	43.29	2.55
9/27/2017	45.21	0.00	22.46	67.04	2.75
9/28/2017	14.29	0.00	18.95	87.13	2.43
9/29/2017	13.75	0.00	22.11	66.88	2.41
9/30/2017	13.08	0.00	19.83	76.42	2.15
10/1/2017	13.33	0.00	19.53	70.33	1.52
10/2/2017	17.58	0.00	22.21	50.29	2.20
10/3/2017	25.71	0.00	25.84	53.29	2.25
10/4/2017	35.58	0.00	27.98	45.21	2.44
10/5/2017	24.13	0.00	21.98	70.08	3.24
10/6/2017	23.50	0.00	25.02	58.13	1.91
10/7/2017	39.79	0.00	27.59	48.25	2.41
10/8/2017	45.67	0.00	29.15	40.83	2.18
10/9/2017	39.29	0.00	28.97	40.75	2.48
10/10/2017	38.88	0.00	29.96	36.79	2.00
10/11/2017	54.58	0.00	30.83	30.88	2.23
10/12/2017	44.63	0.00	30.76	32.46	1.96
10/13/2017	34.17	0.00	24.90	57.78	4.14
10/14/2017	35.58	0.00	24.72	56.08	3.05
10/15/2017	37.83	0.00	26.56	51.83	2.35
10/16/2017	43.33	0.00	28.16	39.83	2.81
10/17/2017	54.08	0.00	29.03	29.00	2.48
10/18/2017	57.00	0.00	27.53	45.00	2.30
10/19/2017	38.79	0.00	25.29	51.63	2.85
10/20/2017	37.25	0.00	20.59	85.13	1.14
10/21/2017	17.17	0.00	20.79	75.08	2.31
10/22/2017	24.46	0.00	23.75	60.17	1.99
10/23/2017	38.50	0.00	26.81	51.46	2.16
10/24/2017	20.29	0.00	23.51	66.29	2.94
10/25/2017	28.79	0.00	24.03	65.54	2.88
10/26/2017	13.75	0.00	24.13	68.29	2.40
10/27/2017	13.63	0.00	23.80	71.21	1.86
10/28/2017	14.50	0.00	21.63	80.83	2.03
10/29/2017	14.50	0.00	22.18	74.83	1.62
10/30/2017	20.71	0.00	22.14	55.88	3.45
10/31/2017	17.74	0.00	23.38	54.78	2.56
11/1/2017	25.29	0.00	25.29	57.63	3.14
11/2/2017	10.46	0.00	22.88	77.17	3.43
11/3/2017	11.17	0.00	21.10	83.42	1.72
11/4/2017	17.58	0.00	22.28	71.63	2.47
11/5/2017	19.75	0.00	22.57	63.75	2.65
11/6/2017	20.21	0.00	23.09	67.58	2.26
11/7/2017	12.21	0.00	23.72	72.04	1.99
11/8/2017	18.77	0.00	24.98	68.13	2.53
11/9/2017	11.08	0.00	23.91	75.42	1.87
11/10/2017	13.58	0.00	24.28	49.25	1.15
11/11/2017	23.25	0.00	25.48	35.33	1.48
11/12/2017	29.63	0.00	25.70	35.83	2.32
11/13/2017	34.96	0.00	26.57	47.21	2.92
11/14/2017	26.79	0.00	26.25	51.63	2.87
11/15/2017	15.33	0.00	23.69	68.88	2.30
11/16/2017	15.58	0.00	23.50	72.33	2.78
11/17/2017	8.42	0.00	23.70	80.25	1.92
11/18/2017	9.54	0.00	23.77	78.67	1.78
11/19/2017	13.04	0.00	23.63	79.79	2.54
11/20/2017	8.08	0.00	23.55	79.96	2.17
11/21/2017	16.17	0.00	23.70	64.04	2.27
11/22/2017	19.71	0.00	26.21	56.63	1.90
11/23/2017	19.08	0.00	26.75	56.42	2.64
11/24/2017	10.63	0.00	22.14	82.67	3.55
11/25/2017	10.00	0.00	22.04	81.88	2.00
11/26/2017	16.46	0.00	24.78	69.29	1.43
11/27/2017	23.92	0.00	24.48	56.29	2.65
11/28/2017	24.04	0.00	22.43	66.71	2.55
11/29/2017	8.50	0.00	20.13	86.88	2.15
11/30/2017	8.79	0.00	22.80	75.13	2.20
12/1/2017	13.54	0.00	24.59	69.00	1.25
12/2/2017	20.52	0.00	27.22	59.33	1.40
12/3/2017	30.00	0.00	28.09	51.67	1.70
12/4/2017	25.50	0.00	24.12	73.83	1.77
12/5/2017	14.96	0.00	23.45	84.67	1.90
12/6/2017	11.08	0.00	25.81	75.08	1.03
12/7/2017	17.33	0.00	26.14	61.42	1.86
12/8/2017	17.83	0.00	27.85	49.25	0.96
12/9/2017	22.08	0.00	28.08	47.75	1.65
12/10/2017	22.96	0.00	24.86	59.75	3.54
12/11/2017	17.43	0.00	25.58	57.61	2.44
12/12/2017	16.08	0.00	26.43	56.17	2.41
12/13/2017	22.79	0.00	26.33	58.00	2.26
12/14/2017	13.96	0.00	26.70	57.79	2.53
12/15/2017	10.63	0.00	26.53	58.58	2.70
12/16/2017	12.21	0.00	25.98	61.00	2.36
12/17/2017	22.67	0.00	26.39	59.25	2.80
12/18/2017	19.13	0.00	26.29	57.83	2.03
12/19/2017	12.50	0.00	21.57	82.50	1.48
12/20/2017	9.71	0.00	22.19	81.79	2.05
12/21/2017	11.38	0.00	23.72	77.58	1.62
12/22/2017	9.54	0.00	25.48	67.67	1.37
12/23/2017	13.29	0.00	24.91	70.00	1.08
12/24/2017	8.21	0.00	25.58	68.50	1.33
12/25/2017	12.79	0.00	26.03	68.96	2.13
12/26/2017	14.04	0.00	27.03	61.75	1.68
12/27/2017	11.54	0.00	23.83	76.92	2.17
12/28/2017	6.33	0.00	21.18	90.00	2.56
12/29/2017	23.13	0.00	22.28	56.54	3.02
12/30/2017	40.88	0.00	21.59	50.54	1.59
12/31/2017	7.46	0.00	21.43	86.39	3.52
